 LIBRARY, VERSION, MAT, MF, MT, ORIGIN-LIB, ORIGIN-VER
 JEFF, 3.1, 9219, 1, 451, JEFF, 3.1
 JEFF, 3.1, 9219, 1, 452, JEFF, 3.1
 JEFF, 3.1, 9219, 1, 455, JEFF, 3.1
 JEFF, 3.1, 9219, 1, 456, JEFF, 3.1
 JEFF, 3.1, 9219, 2, 151, JEFF, 3.1
 JEFF, 3.1, 9219, 3, 1, JEFF, 3.1
 JEFF, 3.1, 9219, 3, 2, JEFF, 3.1
 JEFF, 3.1, 9219, 3, 4, JEFF, 3.1
 JEFF, 3.1, 9219, 3, 16, JEFF, 3.1
 JEFF, 3.1, 9219, 3, 17, JEFF, 3.1
 JEFF, 3.1, 9219, 3, 18, JEFF, 3.1
 JEFF, 3.1, 9219, 3, 51, JEFF, 3.1
 JEFF, 3.1, 9219, 3, 52, JEFF, 3.1
 JEFF, 3.1, 9219, 3, 53, JEFF, 3.1
 JEFF, 3.1, 9219, 3, 54, JEFF, 3.1
 JEFF, 3.1, 9219, 3, 55, JEFF, 3.1
 JEFF, 3.1, 9219, 3, 56, JEFF, 3.1
 JEFF, 3.1, 9219, 3, 57, JEFF, 3.1
 JEFF, 3.1, 9219, 3, 58, JEFF, 3.1
 JEFF, 3.1, 9219, 3, 59, JEFF, 3.1
 JEFF, 3.1, 9219, 3, 61, JEFF, 3.1
 JEFF, 3.1, 9219, 3, 62, JEFF, 3.1
 JEFF, 3.1, 9219, 3, 63, JEFF, 3.1
 JEFF, 3.1, 9219, 3, 91, JEFF, 3.1
 JEFF, 3.1, 9219, 3, 102, JEFF, 3.1
 JEFF, 3.1, 9219, 3, 251, JEFF, 3.1
 JEFF, 3.1, 9219, 3, 252, JEFF, 3.1
 JEFF, 3.1, 9219, 3, 253, JEFF, 3.1
 JEFF, 3.1, 9219, 4, 2, JEFF, 3.1
 JEFF, 3.1, 9219, 4, 16, JEFF, 3.1
 JEFF, 3.1, 9219, 4, 17, JEFF, 3.1
 JEFF, 3.1, 9219, 4, 18, JEFF, 3.1
 JEFF, 3.1, 9219, 4, 51, JEFF, 3.1
 JEFF, 3.1, 9219, 4, 52, JEFF, 3.1
 JEFF, 3.1, 9219, 4, 53, JEFF, 3.1
 JEFF, 3.1, 9219, 4, 54, JEFF, 3.1
 JEFF, 3.1, 9219, 4, 55, JEFF, 3.1
 JEFF, 3.1, 9219, 4, 56, JEFF, 3.1
 JEFF, 3.1, 9219, 4, 57, JEFF, 3.1
 JEFF, 3.1, 9219, 4, 58, JEFF, 3.1
 JEFF, 3.1, 9219, 4, 59, JEFF, 3.1
 JEFF, 3.1, 9219, 4, 61, JEFF, 3.1
 JEFF, 3.1, 9219, 4, 62, JEFF, 3.1
 JEFF, 3.1, 9219, 4, 63, JEFF, 3.1
 JEFF, 3.1, 9219, 4, 91, JEFF, 3.1
 JEFF, 3.1, 9219, 5, 16, JEFF, 3.1
 JEFF, 3.1, 9219, 5, 17, JEFF, 3.1
 JEFF, 3.1, 9219, 5, 18, JEFF, 3.1
 JEFF, 3.1, 9219, 5, 91, JEFF, 3.1
 JEFF, 3.1, 9219, 5, 455, JEFF, 3.1
 JEFF, 3.1, 9222, 1, 451, JEFF, 3.1
 JEFF, 3.1, 9222, 1, 452, JEFF, 3.1
 JEFF, 3.1, 9222, 1, 455, JEFF, 3.1
 JEFF, 3.1, 9222, 1, 456, JEFF, 3.1
 JEFF, 3.1, 9222, 1, 458, JEFF, 3.1
 JEFF, 3.1, 9222, 2, 151, JEFF, 3.1
 JEFF, 3.1, 9222, 3, 1, JEFF, 3.1
 JEFF, 3.1, 9222, 3, 2, JEFF, 3.1
 JEFF, 3.1, 9222, 3, 4, JEFF, 3.1
 JEFF, 3.1, 9222, 3, 16, JEFF, 3.1
 JEFF, 3.1, 9222, 3, 17, JEFF, 3.1
 JEFF, 3.1, 9222, 3, 18, JEFF, 3.1
 JEFF, 3.1, 9222, 3, 51, JEFF, 3.1
 JEFF, 3.1, 9222, 3, 52, JEFF, 3.1
 JEFF, 3.1, 9222, 3, 53, JEFF, 3.1
 JEFF, 3.1, 9222, 3, 54, JEFF, 3.1
 JEFF, 3.1, 9222, 3, 55, JEFF, 3.1
 JEFF, 3.1, 9222, 3, 56, JEFF, 3.1
 JEFF, 3.1, 9222, 3, 57, JEFF, 3.1
 JEFF, 3.1, 9222, 3, 58, JEFF, 3.1
 JEFF, 3.1, 9222, 3, 59, JEFF, 3.1
 JEFF, 3.1, 9222, 3, 61, JEFF, 3.1
 JEFF, 3.1, 9222, 3, 62, JEFF, 3.1
 JEFF, 3.1, 9222, 3, 63, JEFF, 3.1
 JEFF, 3.1, 9222, 3, 64, JEFF, 3.1
 JEFF, 3.1, 9222, 3, 65, JEFF, 3.1
 JEFF, 3.1, 9222, 3, 66, JEFF, 3.1
 JEFF, 3.1, 9222, 3, 67, JEFF, 3.1
 JEFF, 3.1, 9222, 3, 68, JEFF, 3.1
 JEFF, 3.1, 9222, 3, 69, JEFF, 3.1
 JEFF, 3.1, 9222, 3, 91, JEFF, 3.1
 JEFF, 3.1, 9222, 3, 102, JEFF, 3.1
 JEFF, 3.1, 9222, 4, 2, JEFF, 3.1
 JEFF, 3.1, 9222, 4, 16, JEFF, 3.1
 JEFF, 3.1, 9222, 4, 17, JEFF, 3.1
 JEFF, 3.1, 9222, 4, 18, JEFF, 3.1
 JEFF, 3.1, 9222, 4, 51, JEFF, 3.1
 JEFF, 3.1, 9222, 4, 52, JEFF, 3.1
 JEFF, 3.1, 9222, 4, 53, JEFF, 3.1
 JEFF, 3.1, 9222, 4, 54, JEFF, 3.1
 JEFF, 3.1, 9222, 4, 55, JEFF, 3.1
 JEFF, 3.1, 9222, 4, 56, JEFF, 3.1
 JEFF, 3.1, 9222, 4, 57, JEFF, 3.1
 JEFF, 3.1, 9222, 4, 58, JEFF, 3.1
 JEFF, 3.1, 9222, 4, 59, JEFF, 3.1
 JEFF, 3.1, 9222, 4, 61, JEFF, 3.1
 JEFF, 3.1, 9222, 4, 62, JEFF, 3.1
 JEFF, 3.1, 9222, 4, 63, JEFF, 3.1
 JEFF, 3.1, 9222, 4, 64, JEFF, 3.1
 JEFF, 3.1, 9222, 4, 65, JEFF, 3.1
 JEFF, 3.1, 9222, 4, 66, JEFF, 3.1
 JEFF, 3.1, 9222, 4, 67, JEFF, 3.1
 JEFF, 3.1, 9222, 4, 68, JEFF, 3.1
 JEFF, 3.1, 9222, 4, 69, JEFF, 3.1
 JEFF, 3.1, 9222, 4, 91, JEFF, 3.1
 JEFF, 3.1, 9222, 5, 16, JEFF, 3.1
 JEFF, 3.1, 9222, 5, 17, JEFF, 3.1
 JEFF, 3.1, 9222, 5, 18, JEFF, 3.1
 JEFF, 3.1, 9222, 5, 91, JEFF, 3.1
 JEFF, 3.1, 9222, 5, 455, JEFF, 3.1
 JEFF, 3.1, 9222, 12, 4, JEFF, 3.1
 JEFF, 3.1, 9222, 12, 18, JEFF, 3.1
 JEFF, 3.1, 9222, 12, 102, JEFF, 3.1
 JEFF, 3.1, 9222, 13, 3, JEFF, 3.1
 JEFF, 3.1, 9222, 14, 3, JEFF, 3.1
 JEFF, 3.1, 9222, 14, 4, JEFF, 3.1
 JEFF, 3.1, 9222, 14, 18, JEFF, 3.1
 JEFF, 3.1, 9222, 14, 102, JEFF, 3.1
 JEFF, 3.1, 9222, 15, 3, JEFF, 3.1
 JEFF, 3.1, 9222, 15, 4, JEFF, 3.1
 JEFF, 3.1, 9222, 15, 18, JEFF, 3.1
 JEFF, 3.1, 9222, 15, 102, JEFF, 3.1
 JEFF, 3.1, 9222, 31, 452, JEFF, 3.1
 JEFF, 3.1, 9222, 31, 455, JEFF, 3.1
 JEFF, 3.1, 9222, 31, 456, JEFF, 3.1
 JEFF, 3.1, 9222, 32, 151, JEFF, 3.1
 JEFF, 3.1, 9222, 33, 1, JEFF, 3.1
 JEFF, 3.1, 9222, 33, 2, JEFF, 3.1
 JEFF, 3.1, 9222, 33, 4, JEFF, 3.1
 JEFF, 3.1, 9222, 33, 16, JEFF, 3.1
 JEFF, 3.1, 9222, 33, 17, JEFF, 3.1
 JEFF, 3.1, 9222, 33, 18, JEFF, 3.1
 JEFF, 3.1, 9222, 33, 102, JEFF, 3.1
 JEFF, 3.1, 9222, 34, 2, JEFF, 3.1
 JEFF, 3.1, 9222, 35, 18, JEFF, 3.1
 JEFF, 3.1, 9225, 1, 451, JEFF, 3.1
 JEFF, 3.1, 9225, 1, 452, JEFF, 3.1
 JEFF, 3.1, 9225, 1, 455, JEFF, 3.1
 JEFF, 3.1, 9225, 1, 456, JEFF, 3.1
 JEFF, 3.1, 9225, 1, 458, JEFF, 3.1
 JEFF, 3.1, 9225, 2, 151, JEFF, 3.1
 JEFF, 3.1, 9225, 3, 1, JEFF, 3.1
 JEFF, 3.1, 9225, 3, 2, JEFF, 3.1
 JEFF, 3.1, 9225, 3, 4, JEFF, 3.1
 JEFF, 3.1, 9225, 3, 16, JEFF, 3.1
 JEFF, 3.1, 9225, 3, 17, JEFF, 3.1
 JEFF, 3.1, 9225, 3, 18, JEFF, 3.1
 JEFF, 3.1, 9225, 3, 19, JEFF, 3.1
 JEFF, 3.1, 9225, 3, 21, JEFF, 3.1
 JEFF, 3.1, 9225, 3, 38, JEFF, 3.1
 JEFF, 3.1, 9225, 3, 51, JEFF, 3.1
 JEFF, 3.1, 9225, 3, 52, JEFF, 3.1
 JEFF, 3.1, 9225, 3, 53, JEFF, 3.1
 JEFF, 3.1, 9225, 3, 54, JEFF, 3.1
 JEFF, 3.1, 9225, 3, 55, JEFF, 3.1
 JEFF, 3.1, 9225, 3, 56, JEFF, 3.1
 JEFF, 3.1, 9225, 3, 57, JEFF, 3.1
 JEFF, 3.1, 9225, 3, 58, JEFF, 3.1
 JEFF, 3.1, 9225, 3, 59, JEFF, 3.1
 JEFF, 3.1, 9225, 3, 61, JEFF, 3.1
 JEFF, 3.1, 9225, 3, 62, JEFF, 3.1
 JEFF, 3.1, 9225, 3, 63, JEFF, 3.1
 JEFF, 3.1, 9225, 3, 64, JEFF, 3.1
 JEFF, 3.1, 9225, 3, 65, JEFF, 3.1
 JEFF, 3.1, 9225, 3, 66, JEFF, 3.1
 JEFF, 3.1, 9225, 3, 67, JEFF, 3.1
 JEFF, 3.1, 9225, 3, 68, JEFF, 3.1
 JEFF, 3.1, 9225, 3, 69, JEFF, 3.1
 JEFF, 3.1, 9225, 3, 71, JEFF, 3.1
 JEFF, 3.1, 9225, 3, 72, JEFF, 3.1
 JEFF, 3.1, 9225, 3, 73, JEFF, 3.1
 JEFF, 3.1, 9225, 3, 74, JEFF, 3.1
 JEFF, 3.1, 9225, 3, 75, JEFF, 3.1
 JEFF, 3.1, 9225, 3, 76, JEFF, 3.1
 JEFF, 3.1, 9225, 3, 77, JEFF, 3.1
 JEFF, 3.1, 9225, 3, 78, JEFF, 3.1
 JEFF, 3.1, 9225, 3, 79, JEFF, 3.1
 JEFF, 3.1, 9225, 3, 81, JEFF, 3.1
 JEFF, 3.1, 9225, 3, 82, JEFF, 3.1
 JEFF, 3.1, 9225, 3, 83, JEFF, 3.1
 JEFF, 3.1, 9225, 3, 84, JEFF, 3.1
 JEFF, 3.1, 9225, 3, 85, JEFF, 3.1
 JEFF, 3.1, 9225, 3, 86, JEFF, 3.1
 JEFF, 3.1, 9225, 3, 91, JEFF, 3.1
 JEFF, 3.1, 9225, 3, 102, JEFF, 3.1
 JEFF, 3.1, 9225, 4, 2, JEFF, 3.1
 JEFF, 3.1, 9225, 4, 16, JEFF, 3.1
 JEFF, 3.1, 9225, 4, 17, JEFF, 3.1
 JEFF, 3.1, 9225, 4, 18, JEFF, 3.1
 JEFF, 3.1, 9225, 4, 19, JEFF, 3.1
 JEFF, 3.1, 9225, 4, 21, JEFF, 3.1
 JEFF, 3.1, 9225, 4, 38, JEFF, 3.1
 JEFF, 3.1, 9225, 4, 51, JEFF, 3.1
 JEFF, 3.1, 9225, 4, 52, JEFF, 3.1
 JEFF, 3.1, 9225, 4, 53, JEFF, 3.1
 JEFF, 3.1, 9225, 4, 54, JEFF, 3.1
 JEFF, 3.1, 9225, 4, 55, JEFF, 3.1
 JEFF, 3.1, 9225, 4, 56, JEFF, 3.1
 JEFF, 3.1, 9225, 4, 57, JEFF, 3.1
 JEFF, 3.1, 9225, 4, 58, JEFF, 3.1
 JEFF, 3.1, 9225, 4, 59, JEFF, 3.1
 JEFF, 3.1, 9225, 4, 61, JEFF, 3.1
 JEFF, 3.1, 9225, 4, 62, JEFF, 3.1
 JEFF, 3.1, 9225, 4, 63, JEFF, 3.1
 JEFF, 3.1, 9225, 4, 64, JEFF, 3.1
 JEFF, 3.1, 9225, 4, 65, JEFF, 3.1
 JEFF, 3.1, 9225, 4, 66, JEFF, 3.1
 JEFF, 3.1, 9225, 4, 67, JEFF, 3.1
 JEFF, 3.1, 9225, 4, 68, JEFF, 3.1
 JEFF, 3.1, 9225, 4, 69, JEFF, 3.1
 JEFF, 3.1, 9225, 4, 71, JEFF, 3.1
 JEFF, 3.1, 9225, 4, 72, JEFF, 3.1
 JEFF, 3.1, 9225, 4, 73, JEFF, 3.1
 JEFF, 3.1, 9225, 4, 74, JEFF, 3.1
 JEFF, 3.1, 9225, 4, 75, JEFF, 3.1
 JEFF, 3.1, 9225, 4, 76, JEFF, 3.1
 JEFF, 3.1, 9225, 4, 77, JEFF, 3.1
 JEFF, 3.1, 9225, 4, 78, JEFF, 3.1
 JEFF, 3.1, 9225, 4, 79, JEFF, 3.1
 JEFF, 3.1, 9225, 4, 81, JEFF, 3.1
 JEFF, 3.1, 9225, 4, 82, JEFF, 3.1
 JEFF, 3.1, 9225, 4, 83, JEFF, 3.1
 JEFF, 3.1, 9225, 4, 84, JEFF, 3.1
 JEFF, 3.1, 9225, 4, 85, JEFF, 3.1
 JEFF, 3.1, 9225, 4, 86, JEFF, 3.1
 JEFF, 3.1, 9225, 4, 91, JEFF, 3.1
 JEFF, 3.1, 9225, 5, 16, JEFF, 3.1
 JEFF, 3.1, 9225, 5, 17, JEFF, 3.1
 JEFF, 3.1, 9225, 5, 18, JEFF, 3.1
 JEFF, 3.1, 9225, 5, 19, JEFF, 3.1
 JEFF, 3.1, 9225, 5, 21, JEFF, 3.1
 JEFF, 3.1, 9225, 5, 38, JEFF, 3.1
 JEFF, 3.1, 9225, 5, 91, JEFF, 3.1
 JEFF, 3.1, 9225, 5, 455, JEFF, 3.1
 JEFF, 3.1, 9228, 1, 451, JEFF, 3.1
 JEFF, 3.1, 9228, 1, 452, JEFF, 3.1
 JEFF, 3.1, 9228, 1, 455, JEFF, 3.1
 JEFF, 3.1, 9228, 1, 456, JEFF, 3.1
 JEFF, 3.1, 9228, 1, 458, JEFF, 3.1
 JEFF, 3.1, 9228, 2, 151, JEFF, 3.1
 JEFF, 3.1, 9228, 3, 1, JEFF, 3.1
 JEFF, 3.1, 9228, 3, 2, JEFF, 3.1
 JEFF, 3.1, 9228, 3, 4, JEFF, 3.1
 JEFF, 3.1, 9228, 3, 16, JEFF, 3.1
 JEFF, 3.1, 9228, 3, 17, JEFF, 3.1
 JEFF, 3.1, 9228, 3, 18, JEFF, 3.1
 JEFF, 3.1, 9228, 3, 19, JEFF, 3.1
 JEFF, 3.1, 9228, 3, 21, JEFF, 3.1
 JEFF, 3.1, 9228, 3, 37, JEFF, 3.1
 JEFF, 3.1, 9228, 3, 38, JEFF, 3.1
 JEFF, 3.1, 9228, 3, 51, JEFF, 3.1
 JEFF, 3.1, 9228, 3, 52, JEFF, 3.1
 JEFF, 3.1, 9228, 3, 53, JEFF, 3.1
 JEFF, 3.1, 9228, 3, 54, JEFF, 3.1
 JEFF, 3.1, 9228, 3, 55, JEFF, 3.1
 JEFF, 3.1, 9228, 3, 56, JEFF, 3.1
 JEFF, 3.1, 9228, 3, 57, JEFF, 3.1
 JEFF, 3.1, 9228, 3, 58, JEFF, 3.1
 JEFF, 3.1, 9228, 3, 59, JEFF, 3.1
 JEFF, 3.1, 9228, 3, 61, JEFF, 3.1
 JEFF, 3.1, 9228, 3, 62, JEFF, 3.1
 JEFF, 3.1, 9228, 3, 63, JEFF, 3.1
 JEFF, 3.1, 9228, 3, 64, JEFF, 3.1
 JEFF, 3.1, 9228, 3, 65, JEFF, 3.1
 JEFF, 3.1, 9228, 3, 66, JEFF, 3.1
 JEFF, 3.1, 9228, 3, 67, JEFF, 3.1
 JEFF, 3.1, 9228, 3, 68, JEFF, 3.1
 JEFF, 3.1, 9228, 3, 69, JEFF, 3.1
 JEFF, 3.1, 9228, 3, 71, JEFF, 3.1
 JEFF, 3.1, 9228, 3, 72, JEFF, 3.1
 JEFF, 3.1, 9228, 3, 73, JEFF, 3.1
 JEFF, 3.1, 9228, 3, 74, JEFF, 3.1
 JEFF, 3.1, 9228, 3, 75, JEFF, 3.1
 JEFF, 3.1, 9228, 3, 76, JEFF, 3.1
 JEFF, 3.1, 9228, 3, 77, JEFF, 3.1
 JEFF, 3.1, 9228, 3, 78, JEFF, 3.1
 JEFF, 3.1, 9228, 3, 79, JEFF, 3.1
 JEFF, 3.1, 9228, 3, 81, JEFF, 3.1
 JEFF, 3.1, 9228, 3, 82, JEFF, 3.1
 JEFF, 3.1, 9228, 3, 83, JEFF, 3.1
 JEFF, 3.1, 9228, 3, 84, JEFF, 3.1
 JEFF, 3.1, 9228, 3, 91, JEFF, 3.1
 JEFF, 3.1, 9228, 3, 102, JEFF, 3.1
 JEFF, 3.1, 9228, 4, 2, JEFF, 3.1
 JEFF, 3.1, 9228, 4, 18, JEFF, 3.1
 JEFF, 3.1, 9228, 4, 51, JEFF, 3.1
 JEFF, 3.1, 9228, 4, 52, JEFF, 3.1
 JEFF, 3.1, 9228, 4, 53, JEFF, 3.1
 JEFF, 3.1, 9228, 4, 54, JEFF, 3.1
 JEFF, 3.1, 9228, 4, 55, JEFF, 3.1
 JEFF, 3.1, 9228, 4, 56, JEFF, 3.1
 JEFF, 3.1, 9228, 4, 57, JEFF, 3.1
 JEFF, 3.1, 9228, 4, 58, JEFF, 3.1
 JEFF, 3.1, 9228, 4, 59, JEFF, 3.1
 JEFF, 3.1, 9228, 4, 61, JEFF, 3.1
 JEFF, 3.1, 9228, 4, 62, JEFF, 3.1
 JEFF, 3.1, 9228, 4, 63, JEFF, 3.1
 JEFF, 3.1, 9228, 4, 64, JEFF, 3.1
 JEFF, 3.1, 9228, 4, 65, JEFF, 3.1
 JEFF, 3.1, 9228, 4, 66, JEFF, 3.1
 JEFF, 3.1, 9228, 4, 67, JEFF, 3.1
 JEFF, 3.1, 9228, 4, 68, JEFF, 3.1
 JEFF, 3.1, 9228, 4, 69, JEFF, 3.1
 JEFF, 3.1, 9228, 4, 71, JEFF, 3.1
 JEFF, 3.1, 9228, 4, 72, JEFF, 3.1
 JEFF, 3.1, 9228, 4, 73, JEFF, 3.1
 JEFF, 3.1, 9228, 4, 74, JEFF, 3.1
 JEFF, 3.1, 9228, 4, 75, JEFF, 3.1
 JEFF, 3.1, 9228, 4, 76, JEFF, 3.1
 JEFF, 3.1, 9228, 4, 77, JEFF, 3.1
 JEFF, 3.1, 9228, 4, 78, JEFF, 3.1
 JEFF, 3.1, 9228, 4, 79, JEFF, 3.1
 JEFF, 3.1, 9228, 4, 81, JEFF, 3.1
 JEFF, 3.1, 9228, 4, 82, JEFF, 3.1
 JEFF, 3.1, 9228, 4, 83, JEFF, 3.1
 JEFF, 3.1, 9228, 4, 84, JEFF, 3.1
 JEFF, 3.1, 9228, 5, 18, JEFF, 3.1
 JEFF, 3.1, 9228, 5, 455, JEFF, 3.1
 JEFF, 3.1, 9228, 6, 16, JEFF, 3.1
 JEFF, 3.1, 9228, 6, 17, JEFF, 3.1
 JEFF, 3.1, 9228, 6, 37, JEFF, 3.1
 JEFF, 3.1, 9228, 6, 91, JEFF, 3.1
 JEFF, 3.1, 9228, 12, 4, JEFF, 3.1
 JEFF, 3.1, 9228, 12, 18, JEFF, 3.1
 JEFF, 3.1, 9228, 12, 102, JEFF, 3.1
 JEFF, 3.1, 9228, 13, 3, JEFF, 3.1
 JEFF, 3.1, 9228, 14, 3, JEFF, 3.1
 JEFF, 3.1, 9228, 14, 4, JEFF, 3.1
 JEFF, 3.1, 9228, 14, 18, JEFF, 3.1
 JEFF, 3.1, 9228, 14, 102, JEFF, 3.1
 JEFF, 3.1, 9228, 15, 3, JEFF, 3.1
 JEFF, 3.1, 9228, 15, 18, JEFF, 3.1
 JEFF, 3.1, 9228, 15, 102, JEFF, 3.1
 JEFF, 3.1, 9228, 31, 452, JEFF, 3.1
 JEFF, 3.1, 9228, 31, 456, JEFF, 3.1
 JEFF, 3.1, 9231, 1, 451, JEFF, 3.1
 JEFF, 3.1, 9231, 1, 452, JEFF, 3.1
 JEFF, 3.1, 9231, 1, 455, JEFF, 3.1
 JEFF, 3.1, 9231, 1, 456, JEFF, 3.1
 JEFF, 3.1, 9231, 1, 458, JEFF, 3.1
 JEFF, 3.1, 9231, 2, 151, JEFF, 3.1
 JEFF, 3.1, 9231, 3, 1, JEFF, 3.1
 JEFF, 3.1, 9231, 3, 2, JEFF, 3.1
 JEFF, 3.1, 9231, 3, 3, JEFF, 3.1
 JEFF, 3.1, 9231, 3, 4, JEFF, 3.1
 JEFF, 3.1, 9231, 3, 16, JEFF, 3.1
 JEFF, 3.1, 9231, 3, 17, JEFF, 3.1
 JEFF, 3.1, 9231, 3, 18, JEFF, 3.1
 JEFF, 3.1, 9231, 3, 19, JEFF, 3.1
 JEFF, 3.1, 9231, 3, 21, JEFF, 3.1
 JEFF, 3.1, 9231, 3, 37, JEFF, 3.1
 JEFF, 3.1, 9231, 3, 38, JEFF, 3.1
 JEFF, 3.1, 9231, 3, 51, JEFF, 3.1
 JEFF, 3.1, 9231, 3, 52, JEFF, 3.1
 JEFF, 3.1, 9231, 3, 53, JEFF, 3.1
 JEFF, 3.1, 9231, 3, 54, JEFF, 3.1
 JEFF, 3.1, 9231, 3, 55, JEFF, 3.1
 JEFF, 3.1, 9231, 3, 56, JEFF, 3.1
 JEFF, 3.1, 9231, 3, 57, JEFF, 3.1
 JEFF, 3.1, 9231, 3, 58, JEFF, 3.1
 JEFF, 3.1, 9231, 3, 59, JEFF, 3.1
 JEFF, 3.1, 9231, 3, 61, JEFF, 3.1
 JEFF, 3.1, 9231, 3, 62, JEFF, 3.1
 JEFF, 3.1, 9231, 3, 63, JEFF, 3.1
 JEFF, 3.1, 9231, 3, 64, JEFF, 3.1
 JEFF, 3.1, 9231, 3, 65, JEFF, 3.1
 JEFF, 3.1, 9231, 3, 66, JEFF, 3.1
 JEFF, 3.1, 9231, 3, 67, JEFF, 3.1
 JEFF, 3.1, 9231, 3, 68, JEFF, 3.1
 JEFF, 3.1, 9231, 3, 69, JEFF, 3.1
 JEFF, 3.1, 9231, 3, 71, JEFF, 3.1
 JEFF, 3.1, 9231, 3, 72, JEFF, 3.1
 JEFF, 3.1, 9231, 3, 73, JEFF, 3.1
 JEFF, 3.1, 9231, 3, 74, JEFF, 3.1
 JEFF, 3.1, 9231, 3, 75, JEFF, 3.1
 JEFF, 3.1, 9231, 3, 76, JEFF, 3.1
 JEFF, 3.1, 9231, 3, 77, JEFF, 3.1
 JEFF, 3.1, 9231, 3, 78, JEFF, 3.1
 JEFF, 3.1, 9231, 3, 79, JEFF, 3.1
 JEFF, 3.1, 9231, 3, 81, JEFF, 3.1
 JEFF, 3.1, 9231, 3, 91, JEFF, 3.1
 JEFF, 3.1, 9231, 3, 102, JEFF, 3.1
 JEFF, 3.1, 9231, 4, 2, JEFF, 3.1
 JEFF, 3.1, 9231, 4, 18, JEFF, 3.1
 JEFF, 3.1, 9231, 4, 51, JEFF, 3.1
 JEFF, 3.1, 9231, 4, 52, JEFF, 3.1
 JEFF, 3.1, 9231, 4, 53, JEFF, 3.1
 JEFF, 3.1, 9231, 4, 54, JEFF, 3.1
 JEFF, 3.1, 9231, 4, 55, JEFF, 3.1
 JEFF, 3.1, 9231, 4, 56, JEFF, 3.1
 JEFF, 3.1, 9231, 4, 57, JEFF, 3.1
 JEFF, 3.1, 9231, 4, 58, JEFF, 3.1
 JEFF, 3.1, 9231, 4, 59, JEFF, 3.1
 JEFF, 3.1, 9231, 4, 61, JEFF, 3.1
 JEFF, 3.1, 9231, 4, 62, JEFF, 3.1
 JEFF, 3.1, 9231, 4, 63, JEFF, 3.1
 JEFF, 3.1, 9231, 4, 64, JEFF, 3.1
 JEFF, 3.1, 9231, 4, 65, JEFF, 3.1
 JEFF, 3.1, 9231, 4, 66, JEFF, 3.1
 JEFF, 3.1, 9231, 4, 67, JEFF, 3.1
 JEFF, 3.1, 9231, 4, 68, JEFF, 3.1
 JEFF, 3.1, 9231, 4, 69, JEFF, 3.1
 JEFF, 3.1, 9231, 4, 71, JEFF, 3.1
 JEFF, 3.1, 9231, 4, 72, JEFF, 3.1
 JEFF, 3.1, 9231, 4, 73, JEFF, 3.1
 JEFF, 3.1, 9231, 4, 74, JEFF, 3.1
 JEFF, 3.1, 9231, 4, 75, JEFF, 3.1
 JEFF, 3.1, 9231, 4, 76, JEFF, 3.1
 JEFF, 3.1, 9231, 4, 77, JEFF, 3.1
 JEFF, 3.1, 9231, 4, 78, JEFF, 3.1
 JEFF, 3.1, 9231, 4, 79, JEFF, 3.1
 JEFF, 3.1, 9231, 4, 81, JEFF, 3.1
 JEFF, 3.1, 9231, 5, 18, JEFF, 3.1
 JEFF, 3.1, 9231, 5, 455, JEFF, 3.1
 JEFF, 3.1, 9231, 6, 16, JEFF, 3.1
 JEFF, 3.1, 9231, 6, 17, JEFF, 3.1
 JEFF, 3.1, 9231, 6, 37, JEFF, 3.1
 JEFF, 3.1, 9231, 6, 91, JEFF, 3.1
 JEFF, 3.1, 9231, 12, 18, JEFF, 3.1
 JEFF, 3.1, 9231, 12, 102, JEFF, 3.1
 JEFF, 3.1, 9231, 13, 3, JEFF, 3.1
 JEFF, 3.1, 9231, 14, 3, JEFF, 3.1
 JEFF, 3.1, 9231, 14, 18, JEFF, 3.1
 JEFF, 3.1, 9231, 14, 102, JEFF, 3.1
 JEFF, 3.1, 9231, 15, 3, JEFF, 3.1
 JEFF, 3.1, 9231, 15, 18, JEFF, 3.1
 JEFF, 3.1, 9231, 15, 102, JEFF, 3.1
 JEFF, 3.1, 9234, 1, 451, JEFF, 3.1
 JEFF, 3.1, 9234, 1, 452, JEFF, 3.1
 JEFF, 3.1, 9234, 1, 455, JEFF, 3.1
 JEFF, 3.1, 9234, 1, 456, JEFF, 3.1
 JEFF, 3.1, 9234, 2, 151, JEFF, 3.1
 JEFF, 3.1, 9234, 3, 1, JEFF, 3.1
 JEFF, 3.1, 9234, 3, 2, JEFF, 3.1
 JEFF, 3.1, 9234, 3, 3, JEFF, 3.1
 JEFF, 3.1, 9234, 3, 4, JEFF, 3.1
 JEFF, 3.1, 9234, 3, 16, JEFF, 3.1
 JEFF, 3.1, 9234, 3, 17, JEFF, 3.1
 JEFF, 3.1, 9234, 3, 18, JEFF, 3.1
 JEFF, 3.1, 9234, 3, 19, JEFF, 3.1
 JEFF, 3.1, 9234, 3, 21, JEFF, 3.1
 JEFF, 3.1, 9234, 3, 37, JEFF, 3.1
 JEFF, 3.1, 9234, 3, 38, JEFF, 3.1
 JEFF, 3.1, 9234, 3, 51, JEFF, 3.1
 JEFF, 3.1, 9234, 3, 52, JEFF, 3.1
 JEFF, 3.1, 9234, 3, 53, JEFF, 3.1
 JEFF, 3.1, 9234, 3, 54, JEFF, 3.1
 JEFF, 3.1, 9234, 3, 55, JEFF, 3.1
 JEFF, 3.1, 9234, 3, 56, JEFF, 3.1
 JEFF, 3.1, 9234, 3, 57, JEFF, 3.1
 JEFF, 3.1, 9234, 3, 58, JEFF, 3.1
 JEFF, 3.1, 9234, 3, 59, JEFF, 3.1
 JEFF, 3.1, 9234, 3, 61, JEFF, 3.1
 JEFF, 3.1, 9234, 3, 62, JEFF, 3.1
 JEFF, 3.1, 9234, 3, 63, JEFF, 3.1
 JEFF, 3.1, 9234, 3, 64, JEFF, 3.1
 JEFF, 3.1, 9234, 3, 65, JEFF, 3.1
 JEFF, 3.1, 9234, 3, 66, JEFF, 3.1
 JEFF, 3.1, 9234, 3, 67, JEFF, 3.1
 JEFF, 3.1, 9234, 3, 68, JEFF, 3.1
 JEFF, 3.1, 9234, 3, 69, JEFF, 3.1
 JEFF, 3.1, 9234, 3, 71, JEFF, 3.1
 JEFF, 3.1, 9234, 3, 72, JEFF, 3.1
 JEFF, 3.1, 9234, 3, 73, JEFF, 3.1
 JEFF, 3.1, 9234, 3, 74, JEFF, 3.1
 JEFF, 3.1, 9234, 3, 75, JEFF, 3.1
 JEFF, 3.1, 9234, 3, 76, JEFF, 3.1
 JEFF, 3.1, 9234, 3, 77, JEFF, 3.1
 JEFF, 3.1, 9234, 3, 78, JEFF, 3.1
 JEFF, 3.1, 9234, 3, 79, JEFF, 3.1
 JEFF, 3.1, 9234, 3, 81, JEFF, 3.1
 JEFF, 3.1, 9234, 3, 82, JEFF, 3.1
 JEFF, 3.1, 9234, 3, 83, JEFF, 3.1
 JEFF, 3.1, 9234, 3, 84, JEFF, 3.1
 JEFF, 3.1, 9234, 3, 91, JEFF, 3.1
 JEFF, 3.1, 9234, 3, 102, JEFF, 3.1
 JEFF, 3.1, 9234, 4, 2, JEFF, 3.1
 JEFF, 3.1, 9234, 4, 18, JEFF, 3.1
 JEFF, 3.1, 9234, 4, 51, JEFF, 3.1
 JEFF, 3.1, 9234, 4, 52, JEFF, 3.1
 JEFF, 3.1, 9234, 4, 53, JEFF, 3.1
 JEFF, 3.1, 9234, 4, 54, JEFF, 3.1
 JEFF, 3.1, 9234, 4, 55, JEFF, 3.1
 JEFF, 3.1, 9234, 4, 56, JEFF, 3.1
 JEFF, 3.1, 9234, 4, 57, JEFF, 3.1
 JEFF, 3.1, 9234, 4, 58, JEFF, 3.1
 JEFF, 3.1, 9234, 4, 59, JEFF, 3.1
 JEFF, 3.1, 9234, 4, 61, JEFF, 3.1
 JEFF, 3.1, 9234, 4, 62, JEFF, 3.1
 JEFF, 3.1, 9234, 4, 63, JEFF, 3.1
 JEFF, 3.1, 9234, 4, 64, JEFF, 3.1
 JEFF, 3.1, 9234, 4, 65, JEFF, 3.1
 JEFF, 3.1, 9234, 4, 66, JEFF, 3.1
 JEFF, 3.1, 9234, 4, 67, JEFF, 3.1
 JEFF, 3.1, 9234, 4, 68, JEFF, 3.1
 JEFF, 3.1, 9234, 4, 69, JEFF, 3.1
 JEFF, 3.1, 9234, 4, 71, JEFF, 3.1
 JEFF, 3.1, 9234, 4, 72, JEFF, 3.1
 JEFF, 3.1, 9234, 4, 73, JEFF, 3.1
 JEFF, 3.1, 9234, 4, 74, JEFF, 3.1
 JEFF, 3.1, 9234, 4, 75, JEFF, 3.1
 JEFF, 3.1, 9234, 4, 76, JEFF, 3.1
 JEFF, 3.1, 9234, 4, 77, JEFF, 3.1
 JEFF, 3.1, 9234, 4, 78, JEFF, 3.1
 JEFF, 3.1, 9234, 4, 79, JEFF, 3.1
 JEFF, 3.1, 9234, 4, 81, JEFF, 3.1
 JEFF, 3.1, 9234, 4, 82, JEFF, 3.1
 JEFF, 3.1, 9234, 4, 83, JEFF, 3.1
 JEFF, 3.1, 9234, 4, 84, JEFF, 3.1
 JEFF, 3.1, 9234, 5, 18, JEFF, 3.1
 JEFF, 3.1, 9234, 5, 455, JEFF, 3.1
 JEFF, 3.1, 9234, 6, 16, JEFF, 3.1
 JEFF, 3.1, 9234, 6, 17, JEFF, 3.1
 JEFF, 3.1, 9234, 6, 37, JEFF, 3.1
 JEFF, 3.1, 9234, 6, 91, JEFF, 3.1
 JEFF, 3.1, 9234, 12, 18, JEFF, 3.1
 JEFF, 3.1, 9234, 12, 102, JEFF, 3.1
 JEFF, 3.1, 9234, 13, 3, JEFF, 3.1
 JEFF, 3.1, 9234, 14, 3, JEFF, 3.1
 JEFF, 3.1, 9234, 14, 18, JEFF, 3.1
 JEFF, 3.1, 9234, 14, 102, JEFF, 3.1
 JEFF, 3.1, 9234, 15, 3, JEFF, 3.1
 JEFF, 3.1, 9234, 15, 18, JEFF, 3.1
 JEFF, 3.1, 9234, 15, 102, JEFF, 3.1
 JEFF, 3.1, 9237, 1, 451, JEFF, 3.1
 JEFF, 3.1, 9237, 1, 452, JEFF, 3.1
 JEFF, 3.1, 9237, 1, 455, JEFF, 3.1
 JEFF, 3.1, 9237, 1, 456, JEFF, 3.1
 JEFF, 3.1, 9237, 1, 458, JEFF, 3.1
 JEFF, 3.1, 9237, 2, 151, JEFF, 3.1
 JEFF, 3.1, 9237, 3, 1, JEFF, 3.1
 JEFF, 3.1, 9237, 3, 2, JEFF, 3.1
 JEFF, 3.1, 9237, 3, 3, JEFF, 3.1
 JEFF, 3.1, 9237, 3, 4, JEFF, 3.1
 JEFF, 3.1, 9237, 3, 16, JEFF, 3.1
 JEFF, 3.1, 9237, 3, 17, JEFF, 3.1
 JEFF, 3.1, 9237, 3, 18, JEFF, 3.1
 JEFF, 3.1, 9237, 3, 19, JEFF, 3.1
 JEFF, 3.1, 9237, 3, 21, JEFF, 3.1
 JEFF, 3.1, 9237, 3, 37, JEFF, 3.1
 JEFF, 3.1, 9237, 3, 38, JEFF, 3.1
 JEFF, 3.1, 9237, 3, 51, JEFF, 3.1
 JEFF, 3.1, 9237, 3, 52, JEFF, 3.1
 JEFF, 3.1, 9237, 3, 53, JEFF, 3.1
 JEFF, 3.1, 9237, 3, 54, JEFF, 3.1
 JEFF, 3.1, 9237, 3, 55, JEFF, 3.1
 JEFF, 3.1, 9237, 3, 56, JEFF, 3.1
 JEFF, 3.1, 9237, 3, 57, JEFF, 3.1
 JEFF, 3.1, 9237, 3, 58, JEFF, 3.1
 JEFF, 3.1, 9237, 3, 59, JEFF, 3.1
 JEFF, 3.1, 9237, 3, 61, JEFF, 3.1
 JEFF, 3.1, 9237, 3, 62, JEFF, 3.1
 JEFF, 3.1, 9237, 3, 63, JEFF, 3.1
 JEFF, 3.1, 9237, 3, 64, JEFF, 3.1
 JEFF, 3.1, 9237, 3, 65, JEFF, 3.1
 JEFF, 3.1, 9237, 3, 66, JEFF, 3.1
 JEFF, 3.1, 9237, 3, 67, JEFF, 3.1
 JEFF, 3.1, 9237, 3, 68, JEFF, 3.1
 JEFF, 3.1, 9237, 3, 69, JEFF, 3.1
 JEFF, 3.1, 9237, 3, 71, JEFF, 3.1
 JEFF, 3.1, 9237, 3, 72, JEFF, 3.1
 JEFF, 3.1, 9237, 3, 73, JEFF, 3.1
 JEFF, 3.1, 9237, 3, 74, JEFF, 3.1
 JEFF, 3.1, 9237, 3, 75, JEFF, 3.1
 JEFF, 3.1, 9237, 3, 76, JEFF, 3.1
 JEFF, 3.1, 9237, 3, 77, JEFF, 3.1
 JEFF, 3.1, 9237, 3, 78, JEFF, 3.1
 JEFF, 3.1, 9237, 3, 79, JEFF, 3.1
 JEFF, 3.1, 9237, 3, 81, JEFF, 3.1
 JEFF, 3.1, 9237, 3, 82, JEFF, 3.1
 JEFF, 3.1, 9237, 3, 83, JEFF, 3.1
 JEFF, 3.1, 9237, 3, 84, JEFF, 3.1
 JEFF, 3.1, 9237, 3, 85, JEFF, 3.1
 JEFF, 3.1, 9237, 3, 86, JEFF, 3.1
 JEFF, 3.1, 9237, 3, 87, JEFF, 3.1
 JEFF, 3.1, 9237, 3, 88, JEFF, 3.1
 JEFF, 3.1, 9237, 3, 89, JEFF, 3.1
 JEFF, 3.1, 9237, 3, 91, JEFF, 3.1
 JEFF, 3.1, 9237, 3, 102, JEFF, 3.1
 JEFF, 3.1, 9237, 4, 2, JEFF, 3.1
 JEFF, 3.1, 9237, 4, 18, JEFF, 3.1
 JEFF, 3.1, 9237, 4, 51, JEFF, 3.1
 JEFF, 3.1, 9237, 4, 52, JEFF, 3.1
 JEFF, 3.1, 9237, 4, 53, JEFF, 3.1
 JEFF, 3.1, 9237, 4, 54, JEFF, 3.1
 JEFF, 3.1, 9237, 4, 55, JEFF, 3.1
 JEFF, 3.1, 9237, 4, 56, JEFF, 3.1
 JEFF, 3.1, 9237, 4, 57, JEFF, 3.1
 JEFF, 3.1, 9237, 4, 58, JEFF, 3.1
 JEFF, 3.1, 9237, 4, 59, JEFF, 3.1
 JEFF, 3.1, 9237, 4, 61, JEFF, 3.1
 JEFF, 3.1, 9237, 4, 62, JEFF, 3.1
 JEFF, 3.1, 9237, 4, 63, JEFF, 3.1
 JEFF, 3.1, 9237, 4, 64, JEFF, 3.1
 JEFF, 3.1, 9237, 4, 65, JEFF, 3.1
 JEFF, 3.1, 9237, 4, 66, JEFF, 3.1
 JEFF, 3.1, 9237, 4, 67, JEFF, 3.1
 JEFF, 3.1, 9237, 4, 68, JEFF, 3.1
 JEFF, 3.1, 9237, 4, 69, JEFF, 3.1
 JEFF, 3.1, 9237, 4, 71, JEFF, 3.1
 JEFF, 3.1, 9237, 4, 72, JEFF, 3.1
 JEFF, 3.1, 9237, 4, 73, JEFF, 3.1
 JEFF, 3.1, 9237, 4, 74, JEFF, 3.1
 JEFF, 3.1, 9237, 4, 75, JEFF, 3.1
 JEFF, 3.1, 9237, 4, 76, JEFF, 3.1
 JEFF, 3.1, 9237, 4, 77, JEFF, 3.1
 JEFF, 3.1, 9237, 4, 78, JEFF, 3.1
 JEFF, 3.1, 9237, 4, 79, JEFF, 3.1
 JEFF, 3.1, 9237, 4, 81, JEFF, 3.1
 JEFF, 3.1, 9237, 4, 82, JEFF, 3.1
 JEFF, 3.1, 9237, 4, 83, JEFF, 3.1
 JEFF, 3.1, 9237, 4, 84, JEFF, 3.1
 JEFF, 3.1, 9237, 4, 85, JEFF, 3.1
 JEFF, 3.1, 9237, 4, 86, JEFF, 3.1
 JEFF, 3.1, 9237, 4, 87, JEFF, 3.1
 JEFF, 3.1, 9237, 4, 88, JEFF, 3.1
 JEFF, 3.1, 9237, 4, 89, JEFF, 3.1
 JEFF, 3.1, 9237, 5, 18, JEFF, 3.1
 JEFF, 3.1, 9237, 5, 455, JEFF, 3.1
 JEFF, 3.1, 9237, 6, 16, JEFF, 3.1
 JEFF, 3.1, 9237, 6, 17, JEFF, 3.1
 JEFF, 3.1, 9237, 6, 37, JEFF, 3.1
 JEFF, 3.1, 9237, 6, 91, JEFF, 3.1
 JEFF, 3.1, 9237, 12, 18, JEFF, 3.1
 JEFF, 3.1, 9237, 12, 102, JEFF, 3.1
 JEFF, 3.1, 9237, 13, 3, JEFF, 3.1
 JEFF, 3.1, 9237, 14, 3, JEFF, 3.1
 JEFF, 3.1, 9237, 14, 18, JEFF, 3.1
 JEFF, 3.1, 9237, 14, 102, JEFF, 3.1
 JEFF, 3.1, 9237, 15, 3, JEFF, 3.1
 JEFF, 3.1, 9237, 15, 18, JEFF, 3.1
 JEFF, 3.1, 9237, 15, 102, JEFF, 3.1
 JEFF, 3.2, 9219, 1, 451, JEFF, 3.2
 JEFF, 3.2, 9219, 1, 452, JEFF, 3.2
 JEFF, 3.2, 9219, 1, 455, JEFF, 3.2
 JEFF, 3.2, 9219, 1, 456, JEFF, 3.2
 JEFF, 3.2, 9219, 1, 458, JEFF, 3.2
 JEFF, 3.2, 9219, 2, 151, JEFF, 3.2
 JEFF, 3.2, 9219, 3, 1, JEFF, 3.2
 JEFF, 3.2, 9219, 3, 2, JEFF, 3.2
 JEFF, 3.2, 9219, 3, 4, JEFF, 3.2
 JEFF, 3.2, 9219, 3, 16, JEFF, 3.2
 JEFF, 3.2, 9219, 3, 17, JEFF, 3.2
 JEFF, 3.2, 9219, 3, 18, JEFF, 3.2
 JEFF, 3.2, 9219, 3, 19, JEFF, 3.2
 JEFF, 3.2, 9219, 3, 21, JEFF, 3.2
 JEFF, 3.2, 9219, 3, 38, JEFF, 3.2
 JEFF, 3.2, 9219, 3, 51, JEFF, 3.2
 JEFF, 3.2, 9219, 3, 52, JEFF, 3.2
 JEFF, 3.2, 9219, 3, 53, JEFF, 3.2
 JEFF, 3.2, 9219, 3, 54, JEFF, 3.2
 JEFF, 3.2, 9219, 3, 55, JEFF, 3.2
 JEFF, 3.2, 9219, 3, 56, JEFF, 3.2
 JEFF, 3.2, 9219, 3, 57, JEFF, 3.2
 JEFF, 3.2, 9219, 3, 58, JEFF, 3.2
 JEFF, 3.2, 9219, 3, 59, JEFF, 3.2
 JEFF, 3.2, 9219, 3, 61, JEFF, 3.2
 JEFF, 3.2, 9219, 3, 62, JEFF, 3.2
 JEFF, 3.2, 9219, 3, 63, JEFF, 3.2
 JEFF, 3.2, 9219, 3, 64, JEFF, 3.2
 JEFF, 3.2, 9219, 3, 65, JEFF, 3.2
 JEFF, 3.2, 9219, 3, 66, JEFF, 3.2
 JEFF, 3.2, 9219, 3, 67, JEFF, 3.2
 JEFF, 3.2, 9219, 3, 91, JEFF, 3.2
 JEFF, 3.2, 9219, 3, 102, JEFF, 3.2
 JEFF, 3.2, 9219, 3, 251, JEFF, 3.2
 JEFF, 3.2, 9219, 3, 252, JEFF, 3.2
 JEFF, 3.2, 9219, 3, 253, JEFF, 3.2
 JEFF, 3.2, 9219, 4, 2, JEFF, 3.2
 JEFF, 3.2, 9219, 4, 16, JEFF, 3.2
 JEFF, 3.2, 9219, 4, 17, JEFF, 3.2
 JEFF, 3.2, 9219, 4, 18, JEFF, 3.2
 JEFF, 3.2, 9219, 4, 51, JEFF, 3.2
 JEFF, 3.2, 9219, 4, 52, JEFF, 3.2
 JEFF, 3.2, 9219, 4, 53, JEFF, 3.2
 JEFF, 3.2, 9219, 4, 54, JEFF, 3.2
 JEFF, 3.2, 9219, 4, 55, JEFF, 3.2
 JEFF, 3.2, 9219, 4, 56, JEFF, 3.2
 JEFF, 3.2, 9219, 4, 57, JEFF, 3.2
 JEFF, 3.2, 9219, 4, 58, JEFF, 3.2
 JEFF, 3.2, 9219, 4, 59, JEFF, 3.2
 JEFF, 3.2, 9219, 4, 61, JEFF, 3.2
 JEFF, 3.2, 9219, 4, 62, JEFF, 3.2
 JEFF, 3.2, 9219, 4, 63, JEFF, 3.2
 JEFF, 3.2, 9219, 4, 91, JEFF, 3.2
 JEFF, 3.2, 9219, 5, 16, JEFF, 3.2
 JEFF, 3.2, 9219, 5, 17, JEFF, 3.2
 JEFF, 3.2, 9219, 5, 18, JEFF, 3.2
 JEFF, 3.2, 9219, 5, 91, JEFF, 3.2
 JEFF, 3.2, 9219, 5, 455, JEFF, 3.2
 JEFF, 3.2, 9219, 6, 16, JEFF, 3.2
 JEFF, 3.2, 9219, 6, 17, JEFF, 3.2
 JEFF, 3.2, 9219, 6, 51, JEFF, 3.2
 JEFF, 3.2, 9219, 6, 52, JEFF, 3.2
 JEFF, 3.2, 9219, 6, 53, JEFF, 3.2
 JEFF, 3.2, 9219, 6, 54, JEFF, 3.2
 JEFF, 3.2, 9219, 6, 55, JEFF, 3.2
 JEFF, 3.2, 9219, 6, 56, JEFF, 3.2
 JEFF, 3.2, 9219, 6, 57, JEFF, 3.2
 JEFF, 3.2, 9219, 6, 58, JEFF, 3.2
 JEFF, 3.2, 9219, 6, 59, JEFF, 3.2
 JEFF, 3.2, 9219, 6, 61, JEFF, 3.2
 JEFF, 3.2, 9219, 6, 62, JEFF, 3.2
 JEFF, 3.2, 9219, 6, 63, JEFF, 3.2
 JEFF, 3.2, 9219, 6, 64, JEFF, 3.2
 JEFF, 3.2, 9219, 6, 65, JEFF, 3.2
 JEFF, 3.2, 9219, 6, 66, JEFF, 3.2
 JEFF, 3.2, 9219, 6, 67, JEFF, 3.2
 JEFF, 3.2, 9219, 6, 91, JEFF, 3.2
 JEFF, 3.2, 9219, 6, 102, JEFF, 3.2
 JEFF, 3.2, 9219, 12, 18, JEFF, 3.2
 JEFF, 3.2, 9219, 14, 18, JEFF, 3.2
 JEFF, 3.2, 9219, 15, 18, JEFF, 3.2
 JEFF, 3.2, 9219, 31, 452, JEFF, 3.2
 JEFF, 3.2, 9219, 31, 455, JEFF, 3.2
 JEFF, 3.2, 9219, 31, 456, JEFF, 3.2
 JEFF, 3.2, 9219, 32, 151, JEFF, 3.2
 JEFF, 3.2, 9219, 33, 1, JEFF, 3.2
 JEFF, 3.2, 9219, 33, 2, JEFF, 3.2
 JEFF, 3.2, 9219, 33, 4, JEFF, 3.2
 JEFF, 3.2, 9219, 33, 16, JEFF, 3.2
 JEFF, 3.2, 9219, 33, 17, JEFF, 3.2
 JEFF, 3.2, 9219, 33, 18, JEFF, 3.2
 JEFF, 3.2, 9219, 33, 51, JEFF, 3.2
 JEFF, 3.2, 9219, 33, 52, JEFF, 3.2
 JEFF, 3.2, 9219, 33, 53, JEFF, 3.2
 JEFF, 3.2, 9219, 33, 54, JEFF, 3.2
 JEFF, 3.2, 9219, 33, 55, JEFF, 3.2
 JEFF, 3.2, 9219, 33, 56, JEFF, 3.2
 JEFF, 3.2, 9219, 33, 57, JEFF, 3.2
 JEFF, 3.2, 9219, 33, 58, JEFF, 3.2
 JEFF, 3.2, 9219, 33, 59, JEFF, 3.2
 JEFF, 3.2, 9219, 33, 61, JEFF, 3.2
 JEFF, 3.2, 9219, 33, 62, JEFF, 3.2
 JEFF, 3.2, 9219, 33, 63, JEFF, 3.2
 JEFF, 3.2, 9219, 33, 64, JEFF, 3.2
 JEFF, 3.2, 9219, 33, 65, JEFF, 3.2
 JEFF, 3.2, 9219, 33, 66, JEFF, 3.2
 JEFF, 3.2, 9219, 33, 67, JEFF, 3.2
 JEFF, 3.2, 9219, 33, 91, JEFF, 3.2
 JEFF, 3.2, 9219, 33, 102, JEFF, 3.2
 JEFF, 3.2, 9219, 34, 2, JEFF, 3.2
 JEFF, 3.2, 9219, 35, 18, JEFF, 3.2
 JEFF, 3.2, 9222, 1, 451, JEFF, 3.2
 JEFF, 3.2, 9222, 1, 452, JEFF, 3.2
 JEFF, 3.2, 9222, 1, 455, JEFF, 3.2
 JEFF, 3.2, 9222, 1, 456, JEFF, 3.2
 JEFF, 3.2, 9222, 1, 458, JEFF, 3.2
 JEFF, 3.2, 9222, 2, 151, JEFF, 3.2
 JEFF, 3.2, 9222, 3, 1, JEFF, 3.2
 JEFF, 3.2, 9222, 3, 2, JEFF, 3.2
 JEFF, 3.2, 9222, 3, 3, JEFF, 3.2
 JEFF, 3.2, 9222, 3, 4, JEFF, 3.2
 JEFF, 3.2, 9222, 3, 16, JEFF, 3.2
 JEFF, 3.2, 9222, 3, 17, JEFF, 3.2
 JEFF, 3.2, 9222, 3, 18, JEFF, 3.2
 JEFF, 3.2, 9222, 3, 19, JEFF, 3.2
 JEFF, 3.2, 9222, 3, 21, JEFF, 3.2
 JEFF, 3.2, 9222, 3, 37, JEFF, 3.2
 JEFF, 3.2, 9222, 3, 38, JEFF, 3.2
 JEFF, 3.2, 9222, 3, 51, JEFF, 3.2
 JEFF, 3.2, 9222, 3, 52, JEFF, 3.2
 JEFF, 3.2, 9222, 3, 53, JEFF, 3.2
 JEFF, 3.2, 9222, 3, 54, JEFF, 3.2
 JEFF, 3.2, 9222, 3, 55, JEFF, 3.2
 JEFF, 3.2, 9222, 3, 56, JEFF, 3.2
 JEFF, 3.2, 9222, 3, 57, JEFF, 3.2
 JEFF, 3.2, 9222, 3, 58, JEFF, 3.2
 JEFF, 3.2, 9222, 3, 59, JEFF, 3.2
 JEFF, 3.2, 9222, 3, 61, JEFF, 3.2
 JEFF, 3.2, 9222, 3, 62, JEFF, 3.2
 JEFF, 3.2, 9222, 3, 63, JEFF, 3.2
 JEFF, 3.2, 9222, 3, 64, JEFF, 3.2
 JEFF, 3.2, 9222, 3, 65, JEFF, 3.2
 JEFF, 3.2, 9222, 3, 66, JEFF, 3.2
 JEFF, 3.2, 9222, 3, 67, JEFF, 3.2
 JEFF, 3.2, 9222, 3, 68, JEFF, 3.2
 JEFF, 3.2, 9222, 3, 69, JEFF, 3.2
 JEFF, 3.2, 9222, 3, 71, JEFF, 3.2
 JEFF, 3.2, 9222, 3, 72, JEFF, 3.2
 JEFF, 3.2, 9222, 3, 73, JEFF, 3.2
 JEFF, 3.2, 9222, 3, 74, JEFF, 3.2
 JEFF, 3.2, 9222, 3, 75, JEFF, 3.2
 JEFF, 3.2, 9222, 3, 76, JEFF, 3.2
 JEFF, 3.2, 9222, 3, 77, JEFF, 3.2
 JEFF, 3.2, 9222, 3, 78, JEFF, 3.2
 JEFF, 3.2, 9222, 3, 79, JEFF, 3.2
 JEFF, 3.2, 9222, 3, 81, JEFF, 3.2
 JEFF, 3.2, 9222, 3, 82, JEFF, 3.2
 JEFF, 3.2, 9222, 3, 83, JEFF, 3.2
 JEFF, 3.2, 9222, 3, 84, JEFF, 3.2
 JEFF, 3.2, 9222, 3, 85, JEFF, 3.2
 JEFF, 3.2, 9222, 3, 86, JEFF, 3.2
 JEFF, 3.2, 9222, 3, 87, JEFF, 3.2
 JEFF, 3.2, 9222, 3, 88, JEFF, 3.2
 JEFF, 3.2, 9222, 3, 91, JEFF, 3.2
 JEFF, 3.2, 9222, 3, 102, JEFF, 3.2
 JEFF, 3.2, 9222, 3, 251, JEFF, 3.2
 JEFF, 3.2, 9222, 3, 252, JEFF, 3.2
 JEFF, 3.2, 9222, 3, 253, JEFF, 3.2
 JEFF, 3.2, 9222, 4, 2, JEFF, 3.2
 JEFF, 3.2, 9222, 4, 16, JEFF, 3.2
 JEFF, 3.2, 9222, 4, 17, JEFF, 3.2
 JEFF, 3.2, 9222, 4, 18, JEFF, 3.2
 JEFF, 3.2, 9222, 4, 51, JEFF, 3.2
 JEFF, 3.2, 9222, 4, 52, JEFF, 3.2
 JEFF, 3.2, 9222, 4, 53, JEFF, 3.2
 JEFF, 3.2, 9222, 4, 54, JEFF, 3.2
 JEFF, 3.2, 9222, 4, 55, JEFF, 3.2
 JEFF, 3.2, 9222, 4, 56, JEFF, 3.2
 JEFF, 3.2, 9222, 4, 57, JEFF, 3.2
 JEFF, 3.2, 9222, 4, 58, JEFF, 3.2
 JEFF, 3.2, 9222, 4, 59, JEFF, 3.2
 JEFF, 3.2, 9222, 4, 61, JEFF, 3.2
 JEFF, 3.2, 9222, 4, 62, JEFF, 3.2
 JEFF, 3.2, 9222, 4, 63, JEFF, 3.2
 JEFF, 3.2, 9222, 4, 64, JEFF, 3.2
 JEFF, 3.2, 9222, 4, 65, JEFF, 3.2
 JEFF, 3.2, 9222, 4, 66, JEFF, 3.2
 JEFF, 3.2, 9222, 4, 67, JEFF, 3.2
 JEFF, 3.2, 9222, 4, 68, JEFF, 3.2
 JEFF, 3.2, 9222, 4, 69, JEFF, 3.2
 JEFF, 3.2, 9222, 4, 71, JEFF, 3.2
 JEFF, 3.2, 9222, 4, 72, JEFF, 3.2
 JEFF, 3.2, 9222, 4, 73, JEFF, 3.2
 JEFF, 3.2, 9222, 4, 74, JEFF, 3.2
 JEFF, 3.2, 9222, 4, 75, JEFF, 3.2
 JEFF, 3.2, 9222, 4, 76, JEFF, 3.2
 JEFF, 3.2, 9222, 4, 77, JEFF, 3.2
 JEFF, 3.2, 9222, 4, 78, JEFF, 3.2
 JEFF, 3.2, 9222, 4, 79, JEFF, 3.2
 JEFF, 3.2, 9222, 4, 81, JEFF, 3.2
 JEFF, 3.2, 9222, 4, 82, JEFF, 3.2
 JEFF, 3.2, 9222, 4, 83, JEFF, 3.2
 JEFF, 3.2, 9222, 4, 84, JEFF, 3.2
 JEFF, 3.2, 9222, 4, 85, JEFF, 3.2
 JEFF, 3.2, 9222, 4, 86, JEFF, 3.2
 JEFF, 3.2, 9222, 4, 87, JEFF, 3.2
 JEFF, 3.2, 9222, 4, 88, JEFF, 3.2
 JEFF, 3.2, 9222, 4, 91, JEFF, 3.2
 JEFF, 3.2, 9222, 5, 16, JEFF, 3.2
 JEFF, 3.2, 9222, 5, 17, JEFF, 3.2
 JEFF, 3.2, 9222, 5, 18, JEFF, 3.2
 JEFF, 3.2, 9222, 5, 91, JEFF, 3.2
 JEFF, 3.2, 9222, 5, 455, JEFF, 3.2
 JEFF, 3.2, 9222, 6, 16, JEFF, 3.2
 JEFF, 3.2, 9222, 6, 17, JEFF, 3.2
 JEFF, 3.2, 9222, 6, 37, JEFF, 3.2
 JEFF, 3.2, 9222, 6, 91, JEFF, 3.2
 JEFF, 3.2, 9222, 12, 4, JEFF, 3.2
 JEFF, 3.2, 9222, 12, 18, JEFF, 3.2
 JEFF, 3.2, 9222, 12, 102, JEFF, 3.2
 JEFF, 3.2, 9222, 13, 3, JEFF, 3.2
 JEFF, 3.2, 9222, 14, 3, JEFF, 3.2
 JEFF, 3.2, 9222, 14, 4, JEFF, 3.2
 JEFF, 3.2, 9222, 14, 18, JEFF, 3.2
 JEFF, 3.2, 9222, 14, 102, JEFF, 3.2
 JEFF, 3.2, 9222, 15, 3, JEFF, 3.2
 JEFF, 3.2, 9222, 15, 4, JEFF, 3.2
 JEFF, 3.2, 9222, 15, 18, JEFF, 3.2
 JEFF, 3.2, 9222, 15, 102, JEFF, 3.2
 JEFF, 3.2, 9222, 31, 455, JEFF, 3.2
 JEFF, 3.2, 9222, 31, 456, JEFF, 3.2
 JEFF, 3.2, 9222, 33, 1, JEFF, 3.2
 JEFF, 3.2, 9222, 33, 2, JEFF, 3.2
 JEFF, 3.2, 9222, 33, 4, JEFF, 3.2
 JEFF, 3.2, 9222, 33, 16, JEFF, 3.2
 JEFF, 3.2, 9222, 33, 17, JEFF, 3.2
 JEFF, 3.2, 9222, 33, 18, JEFF, 3.2
 JEFF, 3.2, 9222, 33, 37, JEFF, 3.2
 JEFF, 3.2, 9222, 33, 102, JEFF, 3.2
 JEFF, 3.2, 9225, 1, 451, JEFF, 3.2
 JEFF, 3.2, 9225, 1, 452, JEFF, 3.2
 JEFF, 3.2, 9225, 1, 455, JEFF, 3.2
 JEFF, 3.2, 9225, 1, 456, JEFF, 3.2
 JEFF, 3.2, 9225, 1, 458, JEFF, 3.2
 JEFF, 3.2, 9225, 2, 151, JEFF, 3.2
 JEFF, 3.2, 9225, 3, 1, JEFF, 3.2
 JEFF, 3.2, 9225, 3, 2, JEFF, 3.2
 JEFF, 3.2, 9225, 3, 3, JEFF, 3.2
 JEFF, 3.2, 9225, 3, 4, JEFF, 3.2
 JEFF, 3.2, 9225, 3, 16, JEFF, 3.2
 JEFF, 3.2, 9225, 3, 17, JEFF, 3.2
 JEFF, 3.2, 9225, 3, 18, JEFF, 3.2
 JEFF, 3.2, 9225, 3, 19, JEFF, 3.2
 JEFF, 3.2, 9225, 3, 21, JEFF, 3.2
 JEFF, 3.2, 9225, 3, 37, JEFF, 3.2
 JEFF, 3.2, 9225, 3, 38, JEFF, 3.2
 JEFF, 3.2, 9225, 3, 51, JEFF, 3.2
 JEFF, 3.2, 9225, 3, 52, JEFF, 3.2
 JEFF, 3.2, 9225, 3, 53, JEFF, 3.2
 JEFF, 3.2, 9225, 3, 54, JEFF, 3.2
 JEFF, 3.2, 9225, 3, 55, JEFF, 3.2
 JEFF, 3.2, 9225, 3, 56, JEFF, 3.2
 JEFF, 3.2, 9225, 3, 57, JEFF, 3.2
 JEFF, 3.2, 9225, 3, 58, JEFF, 3.2
 JEFF, 3.2, 9225, 3, 59, JEFF, 3.2
 JEFF, 3.2, 9225, 3, 61, JEFF, 3.2
 JEFF, 3.2, 9225, 3, 62, JEFF, 3.2
 JEFF, 3.2, 9225, 3, 63, JEFF, 3.2
 JEFF, 3.2, 9225, 3, 64, JEFF, 3.2
 JEFF, 3.2, 9225, 3, 65, JEFF, 3.2
 JEFF, 3.2, 9225, 3, 66, JEFF, 3.2
 JEFF, 3.2, 9225, 3, 67, JEFF, 3.2
 JEFF, 3.2, 9225, 3, 68, JEFF, 3.2
 JEFF, 3.2, 9225, 3, 69, JEFF, 3.2
 JEFF, 3.2, 9225, 3, 71, JEFF, 3.2
 JEFF, 3.2, 9225, 3, 72, JEFF, 3.2
 JEFF, 3.2, 9225, 3, 73, JEFF, 3.2
 JEFF, 3.2, 9225, 3, 74, JEFF, 3.2
 JEFF, 3.2, 9225, 3, 75, JEFF, 3.2
 JEFF, 3.2, 9225, 3, 76, JEFF, 3.2
 JEFF, 3.2, 9225, 3, 77, JEFF, 3.2
 JEFF, 3.2, 9225, 3, 78, JEFF, 3.2
 JEFF, 3.2, 9225, 3, 79, JEFF, 3.2
 JEFF, 3.2, 9225, 3, 81, JEFF, 3.2
 JEFF, 3.2, 9225, 3, 82, JEFF, 3.2
 JEFF, 3.2, 9225, 3, 83, JEFF, 3.2
 JEFF, 3.2, 9225, 3, 84, JEFF, 3.2
 JEFF, 3.2, 9225, 3, 85, JEFF, 3.2
 JEFF, 3.2, 9225, 3, 86, JEFF, 3.2
 JEFF, 3.2, 9225, 3, 87, JEFF, 3.2
 JEFF, 3.2, 9225, 3, 88, JEFF, 3.2
 JEFF, 3.2, 9225, 3, 89, JEFF, 3.2
 JEFF, 3.2, 9225, 3, 91, JEFF, 3.2
 JEFF, 3.2, 9225, 3, 102, JEFF, 3.2
 JEFF, 3.2, 9225, 3, 251, JEFF, 3.2
 JEFF, 3.2, 9225, 3, 252, JEFF, 3.2
 JEFF, 3.2, 9225, 3, 253, JEFF, 3.2
 JEFF, 3.2, 9225, 4, 2, JEFF, 3.2
 JEFF, 3.2, 9225, 4, 16, JEFF, 3.2
 JEFF, 3.2, 9225, 4, 17, JEFF, 3.2
 JEFF, 3.2, 9225, 4, 18, JEFF, 3.2
 JEFF, 3.2, 9225, 4, 19, JEFF, 3.2
 JEFF, 3.2, 9225, 4, 21, JEFF, 3.2
 JEFF, 3.2, 9225, 4, 38, JEFF, 3.2
 JEFF, 3.2, 9225, 4, 51, JEFF, 3.2
 JEFF, 3.2, 9225, 4, 52, JEFF, 3.2
 JEFF, 3.2, 9225, 4, 53, JEFF, 3.2
 JEFF, 3.2, 9225, 4, 54, JEFF, 3.2
 JEFF, 3.2, 9225, 4, 55, JEFF, 3.2
 JEFF, 3.2, 9225, 4, 56, JEFF, 3.2
 JEFF, 3.2, 9225, 4, 57, JEFF, 3.2
 JEFF, 3.2, 9225, 4, 58, JEFF, 3.2
 JEFF, 3.2, 9225, 4, 59, JEFF, 3.2
 JEFF, 3.2, 9225, 4, 61, JEFF, 3.2
 JEFF, 3.2, 9225, 4, 62, JEFF, 3.2
 JEFF, 3.2, 9225, 4, 63, JEFF, 3.2
 JEFF, 3.2, 9225, 4, 64, JEFF, 3.2
 JEFF, 3.2, 9225, 4, 65, JEFF, 3.2
 JEFF, 3.2, 9225, 4, 66, JEFF, 3.2
 JEFF, 3.2, 9225, 4, 67, JEFF, 3.2
 JEFF, 3.2, 9225, 4, 68, JEFF, 3.2
 JEFF, 3.2, 9225, 4, 69, JEFF, 3.2
 JEFF, 3.2, 9225, 4, 71, JEFF, 3.2
 JEFF, 3.2, 9225, 4, 72, JEFF, 3.2
 JEFF, 3.2, 9225, 4, 73, JEFF, 3.2
 JEFF, 3.2, 9225, 4, 74, JEFF, 3.2
 JEFF, 3.2, 9225, 4, 75, JEFF, 3.2
 JEFF, 3.2, 9225, 4, 76, JEFF, 3.2
 JEFF, 3.2, 9225, 4, 77, JEFF, 3.2
 JEFF, 3.2, 9225, 4, 78, JEFF, 3.2
 JEFF, 3.2, 9225, 4, 79, JEFF, 3.2
 JEFF, 3.2, 9225, 4, 81, JEFF, 3.2
 JEFF, 3.2, 9225, 4, 82, JEFF, 3.2
 JEFF, 3.2, 9225, 4, 83, JEFF, 3.2
 JEFF, 3.2, 9225, 4, 84, JEFF, 3.2
 JEFF, 3.2, 9225, 4, 85, JEFF, 3.2
 JEFF, 3.2, 9225, 4, 86, JEFF, 3.2
 JEFF, 3.2, 9225, 4, 87, JEFF, 3.2
 JEFF, 3.2, 9225, 4, 88, JEFF, 3.2
 JEFF, 3.2, 9225, 4, 89, JEFF, 3.2
 JEFF, 3.2, 9225, 4, 91, JEFF, 3.2
 JEFF, 3.2, 9225, 5, 16, JEFF, 3.2
 JEFF, 3.2, 9225, 5, 17, JEFF, 3.2
 JEFF, 3.2, 9225, 5, 18, JEFF, 3.2
 JEFF, 3.2, 9225, 5, 19, JEFF, 3.2
 JEFF, 3.2, 9225, 5, 21, JEFF, 3.2
 JEFF, 3.2, 9225, 5, 38, JEFF, 3.2
 JEFF, 3.2, 9225, 5, 91, JEFF, 3.2
 JEFF, 3.2, 9225, 5, 455, JEFF, 3.2
 JEFF, 3.2, 9225, 6, 16, JEFF, 3.2
 JEFF, 3.2, 9225, 6, 17, JEFF, 3.2
 JEFF, 3.2, 9225, 6, 37, JEFF, 3.2
 JEFF, 3.2, 9225, 6, 91, JEFF, 3.2
 JEFF, 3.2, 9225, 8, 16, JEFF, 3.2
 JEFF, 3.2, 9225, 8, 17, JEFF, 3.2
 JEFF, 3.2, 9225, 8, 102, JEFF, 3.2
 JEFF, 3.2, 9225, 12, 18, JEFF, 3.2
 JEFF, 3.2, 9225, 12, 102, JEFF, 3.2
 JEFF, 3.2, 9225, 13, 3, JEFF, 3.2
 JEFF, 3.2, 9225, 14, 3, JEFF, 3.2
 JEFF, 3.2, 9225, 14, 18, JEFF, 3.2
 JEFF, 3.2, 9225, 14, 102, JEFF, 3.2
 JEFF, 3.2, 9225, 15, 3, JEFF, 3.2
 JEFF, 3.2, 9225, 15, 18, JEFF, 3.2
 JEFF, 3.2, 9225, 15, 102, JEFF, 3.2
 JEFF, 3.2, 9225, 31, 456, JEFF, 3.2
 JEFF, 3.2, 9225, 33, 2, JEFF, 3.2
 JEFF, 3.2, 9225, 33, 4, JEFF, 3.2
 JEFF, 3.2, 9225, 33, 16, JEFF, 3.2
 JEFF, 3.2, 9225, 33, 18, JEFF, 3.2
 JEFF, 3.2, 9225, 33, 102, JEFF, 3.2
 JEFF, 3.2, 9228, 1, 451, JEFF, 3.2
 JEFF, 3.2, 9228, 1, 452, JEFF, 3.2
 JEFF, 3.2, 9228, 1, 455, JEFF, 3.2
 JEFF, 3.2, 9228, 1, 456, JEFF, 3.2
 JEFF, 3.2, 9228, 1, 458, JEFF, 3.2
 JEFF, 3.2, 9228, 2, 151, JEFF, 3.2
 JEFF, 3.2, 9228, 3, 1, JEFF, 3.2
 JEFF, 3.2, 9228, 3, 2, JEFF, 3.2
 JEFF, 3.2, 9228, 3, 3, JEFF, 3.2
 JEFF, 3.2, 9228, 3, 4, JEFF, 3.2
 JEFF, 3.2, 9228, 3, 5, JEFF, 3.2
 JEFF, 3.2, 9228, 3, 16, JEFF, 3.2
 JEFF, 3.2, 9228, 3, 17, JEFF, 3.2
 JEFF, 3.2, 9228, 3, 18, JEFF, 3.2
 JEFF, 3.2, 9228, 3, 19, JEFF, 3.2
 JEFF, 3.2, 9228, 3, 21, JEFF, 3.2
 JEFF, 3.2, 9228, 3, 22, JEFF, 3.2
 JEFF, 3.2, 9228, 3, 24, JEFF, 3.2
 JEFF, 3.2, 9228, 3, 25, JEFF, 3.2
 JEFF, 3.2, 9228, 3, 28, JEFF, 3.2
 JEFF, 3.2, 9228, 3, 37, JEFF, 3.2
 JEFF, 3.2, 9228, 3, 38, JEFF, 3.2
 JEFF, 3.2, 9228, 3, 41, JEFF, 3.2
 JEFF, 3.2, 9228, 3, 42, JEFF, 3.2
 JEFF, 3.2, 9228, 3, 51, JEFF, 3.2
 JEFF, 3.2, 9228, 3, 52, JEFF, 3.2
 JEFF, 3.2, 9228, 3, 53, JEFF, 3.2
 JEFF, 3.2, 9228, 3, 54, JEFF, 3.2
 JEFF, 3.2, 9228, 3, 55, JEFF, 3.2
 JEFF, 3.2, 9228, 3, 56, JEFF, 3.2
 JEFF, 3.2, 9228, 3, 57, JEFF, 3.2
 JEFF, 3.2, 9228, 3, 58, JEFF, 3.2
 JEFF, 3.2, 9228, 3, 59, JEFF, 3.2
 JEFF, 3.2, 9228, 3, 61, JEFF, 3.2
 JEFF, 3.2, 9228, 3, 62, JEFF, 3.2
 JEFF, 3.2, 9228, 3, 63, JEFF, 3.2
 JEFF, 3.2, 9228, 3, 64, JEFF, 3.2
 JEFF, 3.2, 9228, 3, 65, JEFF, 3.2
 JEFF, 3.2, 9228, 3, 66, JEFF, 3.2
 JEFF, 3.2, 9228, 3, 67, JEFF, 3.2
 JEFF, 3.2, 9228, 3, 68, JEFF, 3.2
 JEFF, 3.2, 9228, 3, 69, JEFF, 3.2
 JEFF, 3.2, 9228, 3, 71, JEFF, 3.2
 JEFF, 3.2, 9228, 3, 72, JEFF, 3.2
 JEFF, 3.2, 9228, 3, 73, JEFF, 3.2
 JEFF, 3.2, 9228, 3, 74, JEFF, 3.2
 JEFF, 3.2, 9228, 3, 75, JEFF, 3.2
 JEFF, 3.2, 9228, 3, 76, JEFF, 3.2
 JEFF, 3.2, 9228, 3, 77, JEFF, 3.2
 JEFF, 3.2, 9228, 3, 78, JEFF, 3.2
 JEFF, 3.2, 9228, 3, 79, JEFF, 3.2
 JEFF, 3.2, 9228, 3, 81, JEFF, 3.2
 JEFF, 3.2, 9228, 3, 82, JEFF, 3.2
 JEFF, 3.2, 9228, 3, 83, JEFF, 3.2
 JEFF, 3.2, 9228, 3, 84, JEFF, 3.2
 JEFF, 3.2, 9228, 3, 85, JEFF, 3.2
 JEFF, 3.2, 9228, 3, 86, JEFF, 3.2
 JEFF, 3.2, 9228, 3, 87, JEFF, 3.2
 JEFF, 3.2, 9228, 3, 88, JEFF, 3.2
 JEFF, 3.2, 9228, 3, 89, JEFF, 3.2
 JEFF, 3.2, 9228, 3, 91, JEFF, 3.2
 JEFF, 3.2, 9228, 3, 102, JEFF, 3.2
 JEFF, 3.2, 9228, 3, 103, JEFF, 3.2
 JEFF, 3.2, 9228, 3, 107, JEFF, 3.2
 JEFF, 3.2, 9228, 4, 2, JEFF, 3.2
 JEFF, 3.2, 9228, 4, 18, JEFF, 3.2
 JEFF, 3.2, 9228, 4, 51, JEFF, 3.2
 JEFF, 3.2, 9228, 4, 52, JEFF, 3.2
 JEFF, 3.2, 9228, 4, 53, JEFF, 3.2
 JEFF, 3.2, 9228, 4, 54, JEFF, 3.2
 JEFF, 3.2, 9228, 4, 55, JEFF, 3.2
 JEFF, 3.2, 9228, 4, 56, JEFF, 3.2
 JEFF, 3.2, 9228, 4, 57, JEFF, 3.2
 JEFF, 3.2, 9228, 4, 58, JEFF, 3.2
 JEFF, 3.2, 9228, 4, 59, JEFF, 3.2
 JEFF, 3.2, 9228, 4, 61, JEFF, 3.2
 JEFF, 3.2, 9228, 4, 62, JEFF, 3.2
 JEFF, 3.2, 9228, 4, 63, JEFF, 3.2
 JEFF, 3.2, 9228, 4, 64, JEFF, 3.2
 JEFF, 3.2, 9228, 4, 65, JEFF, 3.2
 JEFF, 3.2, 9228, 4, 66, JEFF, 3.2
 JEFF, 3.2, 9228, 4, 67, JEFF, 3.2
 JEFF, 3.2, 9228, 4, 68, JEFF, 3.2
 JEFF, 3.2, 9228, 4, 69, JEFF, 3.2
 JEFF, 3.2, 9228, 4, 71, JEFF, 3.2
 JEFF, 3.2, 9228, 4, 72, JEFF, 3.2
 JEFF, 3.2, 9228, 4, 73, JEFF, 3.2
 JEFF, 3.2, 9228, 4, 74, JEFF, 3.2
 JEFF, 3.2, 9228, 4, 75, JEFF, 3.2
 JEFF, 3.2, 9228, 4, 76, JEFF, 3.2
 JEFF, 3.2, 9228, 4, 77, JEFF, 3.2
 JEFF, 3.2, 9228, 4, 78, JEFF, 3.2
 JEFF, 3.2, 9228, 4, 79, JEFF, 3.2
 JEFF, 3.2, 9228, 4, 81, JEFF, 3.2
 JEFF, 3.2, 9228, 4, 82, JEFF, 3.2
 JEFF, 3.2, 9228, 4, 83, JEFF, 3.2
 JEFF, 3.2, 9228, 4, 84, JEFF, 3.2
 JEFF, 3.2, 9228, 4, 85, JEFF, 3.2
 JEFF, 3.2, 9228, 4, 86, JEFF, 3.2
 JEFF, 3.2, 9228, 4, 87, JEFF, 3.2
 JEFF, 3.2, 9228, 4, 88, JEFF, 3.2
 JEFF, 3.2, 9228, 4, 89, JEFF, 3.2
 JEFF, 3.2, 9228, 5, 18, JEFF, 3.2
 JEFF, 3.2, 9228, 5, 455, JEFF, 3.2
 JEFF, 3.2, 9228, 6, 5, JEFF, 3.2
 JEFF, 3.2, 9228, 6, 16, JEFF, 3.2
 JEFF, 3.2, 9228, 6, 17, JEFF, 3.2
 JEFF, 3.2, 9228, 6, 22, JEFF, 3.2
 JEFF, 3.2, 9228, 6, 24, JEFF, 3.2
 JEFF, 3.2, 9228, 6, 25, JEFF, 3.2
 JEFF, 3.2, 9228, 6, 28, JEFF, 3.2
 JEFF, 3.2, 9228, 6, 37, JEFF, 3.2
 JEFF, 3.2, 9228, 6, 41, JEFF, 3.2
 JEFF, 3.2, 9228, 6, 42, JEFF, 3.2
 JEFF, 3.2, 9228, 6, 91, JEFF, 3.2
 JEFF, 3.2, 9228, 6, 102, JEFF, 3.2
 JEFF, 3.2, 9228, 6, 103, JEFF, 3.2
 JEFF, 3.2, 9228, 6, 107, JEFF, 3.2
 JEFF, 3.2, 9228, 8, 4, JEFF, 3.2
 JEFF, 3.2, 9228, 8, 5, JEFF, 3.2
 JEFF, 3.2, 9228, 10, 4, JEFF, 3.2
 JEFF, 3.2, 9228, 12, 4, JEFF, 3.2
 JEFF, 3.2, 9228, 12, 18, JEFF, 3.2
 JEFF, 3.2, 9228, 12, 51, JEFF, 3.2
 JEFF, 3.2, 9228, 12, 52, JEFF, 3.2
 JEFF, 3.2, 9228, 12, 53, JEFF, 3.2
 JEFF, 3.2, 9228, 12, 54, JEFF, 3.2
 JEFF, 3.2, 9228, 12, 55, JEFF, 3.2
 JEFF, 3.2, 9228, 12, 56, JEFF, 3.2
 JEFF, 3.2, 9228, 12, 57, JEFF, 3.2
 JEFF, 3.2, 9228, 12, 58, JEFF, 3.2
 JEFF, 3.2, 9228, 12, 59, JEFF, 3.2
 JEFF, 3.2, 9228, 12, 61, JEFF, 3.2
 JEFF, 3.2, 9228, 12, 62, JEFF, 3.2
 JEFF, 3.2, 9228, 12, 63, JEFF, 3.2
 JEFF, 3.2, 9228, 12, 64, JEFF, 3.2
 JEFF, 3.2, 9228, 12, 65, JEFF, 3.2
 JEFF, 3.2, 9228, 12, 66, JEFF, 3.2
 JEFF, 3.2, 9228, 12, 67, JEFF, 3.2
 JEFF, 3.2, 9228, 12, 68, JEFF, 3.2
 JEFF, 3.2, 9228, 12, 69, JEFF, 3.2
 JEFF, 3.2, 9228, 12, 71, JEFF, 3.2
 JEFF, 3.2, 9228, 12, 72, JEFF, 3.2
 JEFF, 3.2, 9228, 12, 73, JEFF, 3.2
 JEFF, 3.2, 9228, 12, 74, JEFF, 3.2
 JEFF, 3.2, 9228, 12, 75, JEFF, 3.2
 JEFF, 3.2, 9228, 12, 76, JEFF, 3.2
 JEFF, 3.2, 9228, 12, 77, JEFF, 3.2
 JEFF, 3.2, 9228, 12, 78, JEFF, 3.2
 JEFF, 3.2, 9228, 12, 79, JEFF, 3.2
 JEFF, 3.2, 9228, 12, 81, JEFF, 3.2
 JEFF, 3.2, 9228, 12, 82, JEFF, 3.2
 JEFF, 3.2, 9228, 12, 83, JEFF, 3.2
 JEFF, 3.2, 9228, 12, 84, JEFF, 3.2
 JEFF, 3.2, 9228, 12, 85, JEFF, 3.2
 JEFF, 3.2, 9228, 12, 86, JEFF, 3.2
 JEFF, 3.2, 9228, 12, 87, JEFF, 3.2
 JEFF, 3.2, 9228, 12, 88, JEFF, 3.2
 JEFF, 3.2, 9228, 12, 89, JEFF, 3.2
 JEFF, 3.2, 9228, 12, 102, JEFF, 3.2
 JEFF, 3.2, 9228, 13, 3, JEFF, 3.2
 JEFF, 3.2, 9228, 14, 3, JEFF, 3.2
 JEFF, 3.2, 9228, 14, 4, JEFF, 3.2
 JEFF, 3.2, 9228, 14, 18, JEFF, 3.2
 JEFF, 3.2, 9228, 14, 51, JEFF, 3.2
 JEFF, 3.2, 9228, 14, 52, JEFF, 3.2
 JEFF, 3.2, 9228, 14, 53, JEFF, 3.2
 JEFF, 3.2, 9228, 14, 54, JEFF, 3.2
 JEFF, 3.2, 9228, 14, 55, JEFF, 3.2
 JEFF, 3.2, 9228, 14, 56, JEFF, 3.2
 JEFF, 3.2, 9228, 14, 57, JEFF, 3.2
 JEFF, 3.2, 9228, 14, 58, JEFF, 3.2
 JEFF, 3.2, 9228, 14, 59, JEFF, 3.2
 JEFF, 3.2, 9228, 14, 61, JEFF, 3.2
 JEFF, 3.2, 9228, 14, 62, JEFF, 3.2
 JEFF, 3.2, 9228, 14, 63, JEFF, 3.2
 JEFF, 3.2, 9228, 14, 64, JEFF, 3.2
 JEFF, 3.2, 9228, 14, 65, JEFF, 3.2
 JEFF, 3.2, 9228, 14, 66, JEFF, 3.2
 JEFF, 3.2, 9228, 14, 67, JEFF, 3.2
 JEFF, 3.2, 9228, 14, 68, JEFF, 3.2
 JEFF, 3.2, 9228, 14, 69, JEFF, 3.2
 JEFF, 3.2, 9228, 14, 71, JEFF, 3.2
 JEFF, 3.2, 9228, 14, 72, JEFF, 3.2
 JEFF, 3.2, 9228, 14, 73, JEFF, 3.2
 JEFF, 3.2, 9228, 14, 74, JEFF, 3.2
 JEFF, 3.2, 9228, 14, 75, JEFF, 3.2
 JEFF, 3.2, 9228, 14, 76, JEFF, 3.2
 JEFF, 3.2, 9228, 14, 77, JEFF, 3.2
 JEFF, 3.2, 9228, 14, 78, JEFF, 3.2
 JEFF, 3.2, 9228, 14, 79, JEFF, 3.2
 JEFF, 3.2, 9228, 14, 81, JEFF, 3.2
 JEFF, 3.2, 9228, 14, 82, JEFF, 3.2
 JEFF, 3.2, 9228, 14, 83, JEFF, 3.2
 JEFF, 3.2, 9228, 14, 84, JEFF, 3.2
 JEFF, 3.2, 9228, 14, 85, JEFF, 3.2
 JEFF, 3.2, 9228, 14, 86, JEFF, 3.2
 JEFF, 3.2, 9228, 14, 87, JEFF, 3.2
 JEFF, 3.2, 9228, 14, 88, JEFF, 3.2
 JEFF, 3.2, 9228, 14, 89, JEFF, 3.2
 JEFF, 3.2, 9228, 14, 102, JEFF, 3.2
 JEFF, 3.2, 9228, 15, 3, JEFF, 3.2
 JEFF, 3.2, 9228, 15, 18, JEFF, 3.2
 JEFF, 3.2, 9228, 15, 102, JEFF, 3.2
 JEFF, 3.2, 9228, 31, 452, JEFF, 3.2
 JEFF, 3.2, 9228, 33, 18, JEFF, 3.2
 JEFF, 3.2, 9228, 33, 102, JEFF, 3.2
 JEFF, 3.2, 9231, 1, 451, JEFF, 3.2
 JEFF, 3.2, 9231, 1, 452, JEFF, 3.2
 JEFF, 3.2, 9231, 1, 455, JEFF, 3.2
 JEFF, 3.2, 9231, 1, 456, JEFF, 3.2
 JEFF, 3.2, 9231, 1, 458, JEFF, 3.2
 JEFF, 3.2, 9231, 2, 151, JEFF, 3.2
 JEFF, 3.2, 9231, 3, 1, JEFF, 3.2
 JEFF, 3.2, 9231, 3, 2, JEFF, 3.2
 JEFF, 3.2, 9231, 3, 3, JEFF, 3.2
 JEFF, 3.2, 9231, 3, 4, JEFF, 3.2
 JEFF, 3.2, 9231, 3, 5, JEFF, 3.2
 JEFF, 3.2, 9231, 3, 16, JEFF, 3.2
 JEFF, 3.2, 9231, 3, 17, JEFF, 3.2
 JEFF, 3.2, 9231, 3, 18, JEFF, 3.2
 JEFF, 3.2, 9231, 3, 19, JEFF, 3.2
 JEFF, 3.2, 9231, 3, 21, JEFF, 3.2
 JEFF, 3.2, 9231, 3, 22, JEFF, 3.2
 JEFF, 3.2, 9231, 3, 24, JEFF, 3.2
 JEFF, 3.2, 9231, 3, 25, JEFF, 3.2
 JEFF, 3.2, 9231, 3, 28, JEFF, 3.2
 JEFF, 3.2, 9231, 3, 37, JEFF, 3.2
 JEFF, 3.2, 9231, 3, 41, JEFF, 3.2
 JEFF, 3.2, 9231, 3, 42, JEFF, 3.2
 JEFF, 3.2, 9231, 3, 51, JEFF, 3.2
 JEFF, 3.2, 9231, 3, 52, JEFF, 3.2
 JEFF, 3.2, 9231, 3, 53, JEFF, 3.2
 JEFF, 3.2, 9231, 3, 54, JEFF, 3.2
 JEFF, 3.2, 9231, 3, 55, JEFF, 3.2
 JEFF, 3.2, 9231, 3, 56, JEFF, 3.2
 JEFF, 3.2, 9231, 3, 57, JEFF, 3.2
 JEFF, 3.2, 9231, 3, 58, JEFF, 3.2
 JEFF, 3.2, 9231, 3, 59, JEFF, 3.2
 JEFF, 3.2, 9231, 3, 61, JEFF, 3.2
 JEFF, 3.2, 9231, 3, 62, JEFF, 3.2
 JEFF, 3.2, 9231, 3, 63, JEFF, 3.2
 JEFF, 3.2, 9231, 3, 64, JEFF, 3.2
 JEFF, 3.2, 9231, 3, 65, JEFF, 3.2
 JEFF, 3.2, 9231, 3, 66, JEFF, 3.2
 JEFF, 3.2, 9231, 3, 67, JEFF, 3.2
 JEFF, 3.2, 9231, 3, 68, JEFF, 3.2
 JEFF, 3.2, 9231, 3, 69, JEFF, 3.2
 JEFF, 3.2, 9231, 3, 71, JEFF, 3.2
 JEFF, 3.2, 9231, 3, 72, JEFF, 3.2
 JEFF, 3.2, 9231, 3, 73, JEFF, 3.2
 JEFF, 3.2, 9231, 3, 74, JEFF, 3.2
 JEFF, 3.2, 9231, 3, 75, JEFF, 3.2
 JEFF, 3.2, 9231, 3, 76, JEFF, 3.2
 JEFF, 3.2, 9231, 3, 77, JEFF, 3.2
 JEFF, 3.2, 9231, 3, 78, JEFF, 3.2
 JEFF, 3.2, 9231, 3, 79, JEFF, 3.2
 JEFF, 3.2, 9231, 3, 81, JEFF, 3.2
 JEFF, 3.2, 9231, 3, 82, JEFF, 3.2
 JEFF, 3.2, 9231, 3, 83, JEFF, 3.2
 JEFF, 3.2, 9231, 3, 84, JEFF, 3.2
 JEFF, 3.2, 9231, 3, 85, JEFF, 3.2
 JEFF, 3.2, 9231, 3, 86, JEFF, 3.2
 JEFF, 3.2, 9231, 3, 87, JEFF, 3.2
 JEFF, 3.2, 9231, 3, 88, JEFF, 3.2
 JEFF, 3.2, 9231, 3, 89, JEFF, 3.2
 JEFF, 3.2, 9231, 3, 91, JEFF, 3.2
 JEFF, 3.2, 9231, 3, 102, JEFF, 3.2
 JEFF, 3.2, 9231, 3, 103, JEFF, 3.2
 JEFF, 3.2, 9231, 3, 107, JEFF, 3.2
 JEFF, 3.2, 9231, 3, 251, JEFF, 3.2
 JEFF, 3.2, 9231, 3, 252, JEFF, 3.2
 JEFF, 3.2, 9231, 3, 253, JEFF, 3.2
 JEFF, 3.2, 9231, 4, 2, JEFF, 3.2
 JEFF, 3.2, 9231, 4, 16, JEFF, 3.2
 JEFF, 3.2, 9231, 4, 17, JEFF, 3.2
 JEFF, 3.2, 9231, 4, 18, JEFF, 3.2
 JEFF, 3.2, 9231, 4, 19, JEFF, 3.2
 JEFF, 3.2, 9231, 4, 21, JEFF, 3.2
 JEFF, 3.2, 9231, 4, 51, JEFF, 3.2
 JEFF, 3.2, 9231, 4, 52, JEFF, 3.2
 JEFF, 3.2, 9231, 4, 53, JEFF, 3.2
 JEFF, 3.2, 9231, 4, 54, JEFF, 3.2
 JEFF, 3.2, 9231, 4, 55, JEFF, 3.2
 JEFF, 3.2, 9231, 4, 56, JEFF, 3.2
 JEFF, 3.2, 9231, 4, 57, JEFF, 3.2
 JEFF, 3.2, 9231, 4, 58, JEFF, 3.2
 JEFF, 3.2, 9231, 4, 59, JEFF, 3.2
 JEFF, 3.2, 9231, 4, 61, JEFF, 3.2
 JEFF, 3.2, 9231, 4, 62, JEFF, 3.2
 JEFF, 3.2, 9231, 4, 63, JEFF, 3.2
 JEFF, 3.2, 9231, 4, 64, JEFF, 3.2
 JEFF, 3.2, 9231, 4, 65, JEFF, 3.2
 JEFF, 3.2, 9231, 4, 66, JEFF, 3.2
 JEFF, 3.2, 9231, 4, 67, JEFF, 3.2
 JEFF, 3.2, 9231, 4, 68, JEFF, 3.2
 JEFF, 3.2, 9231, 4, 69, JEFF, 3.2
 JEFF, 3.2, 9231, 4, 71, JEFF, 3.2
 JEFF, 3.2, 9231, 4, 72, JEFF, 3.2
 JEFF, 3.2, 9231, 4, 73, JEFF, 3.2
 JEFF, 3.2, 9231, 4, 74, JEFF, 3.2
 JEFF, 3.2, 9231, 4, 75, JEFF, 3.2
 JEFF, 3.2, 9231, 4, 76, JEFF, 3.2
 JEFF, 3.2, 9231, 4, 77, JEFF, 3.2
 JEFF, 3.2, 9231, 4, 78, JEFF, 3.2
 JEFF, 3.2, 9231, 4, 79, JEFF, 3.2
 JEFF, 3.2, 9231, 4, 81, JEFF, 3.2
 JEFF, 3.2, 9231, 4, 82, JEFF, 3.2
 JEFF, 3.2, 9231, 4, 83, JEFF, 3.2
 JEFF, 3.2, 9231, 4, 84, JEFF, 3.2
 JEFF, 3.2, 9231, 4, 85, JEFF, 3.2
 JEFF, 3.2, 9231, 4, 86, JEFF, 3.2
 JEFF, 3.2, 9231, 4, 87, JEFF, 3.2
 JEFF, 3.2, 9231, 4, 88, JEFF, 3.2
 JEFF, 3.2, 9231, 4, 89, JEFF, 3.2
 JEFF, 3.2, 9231, 4, 91, JEFF, 3.2
 JEFF, 3.2, 9231, 5, 16, JEFF, 3.2
 JEFF, 3.2, 9231, 5, 17, JEFF, 3.2
 JEFF, 3.2, 9231, 5, 18, JEFF, 3.2
 JEFF, 3.2, 9231, 5, 19, JEFF, 3.2
 JEFF, 3.2, 9231, 5, 21, JEFF, 3.2
 JEFF, 3.2, 9231, 5, 91, JEFF, 3.2
 JEFF, 3.2, 9231, 5, 455, JEFF, 3.2
 JEFF, 3.2, 9231, 6, 5, JEFF, 3.2
 JEFF, 3.2, 9231, 6, 16, JEFF, 3.2
 JEFF, 3.2, 9231, 6, 17, JEFF, 3.2
 JEFF, 3.2, 9231, 6, 22, JEFF, 3.2
 JEFF, 3.2, 9231, 6, 24, JEFF, 3.2
 JEFF, 3.2, 9231, 6, 25, JEFF, 3.2
 JEFF, 3.2, 9231, 6, 28, JEFF, 3.2
 JEFF, 3.2, 9231, 6, 37, JEFF, 3.2
 JEFF, 3.2, 9231, 6, 41, JEFF, 3.2
 JEFF, 3.2, 9231, 6, 42, JEFF, 3.2
 JEFF, 3.2, 9231, 6, 91, JEFF, 3.2
 JEFF, 3.2, 9231, 6, 102, JEFF, 3.2
 JEFF, 3.2, 9231, 8, 16, JEFF, 3.2
 JEFF, 3.2, 9231, 8, 17, JEFF, 3.2
 JEFF, 3.2, 9231, 8, 102, JEFF, 3.2
 JEFF, 3.2, 9231, 12, 18, JEFF, 3.2
 JEFF, 3.2, 9231, 13, 4, JEFF, 3.2
 JEFF, 3.2, 9231, 13, 16, JEFF, 3.2
 JEFF, 3.2, 9231, 13, 17, JEFF, 3.2
 JEFF, 3.2, 9231, 13, 22, JEFF, 3.2
 JEFF, 3.2, 9231, 13, 24, JEFF, 3.2
 JEFF, 3.2, 9231, 13, 25, JEFF, 3.2
 JEFF, 3.2, 9231, 13, 28, JEFF, 3.2
 JEFF, 3.2, 9231, 13, 37, JEFF, 3.2
 JEFF, 3.2, 9231, 13, 41, JEFF, 3.2
 JEFF, 3.2, 9231, 13, 42, JEFF, 3.2
 JEFF, 3.2, 9231, 13, 102, JEFF, 3.2
 JEFF, 3.2, 9231, 13, 103, JEFF, 3.2
 JEFF, 3.2, 9231, 13, 107, JEFF, 3.2
 JEFF, 3.2, 9231, 14, 4, JEFF, 3.2
 JEFF, 3.2, 9231, 14, 16, JEFF, 3.2
 JEFF, 3.2, 9231, 14, 17, JEFF, 3.2
 JEFF, 3.2, 9231, 14, 18, JEFF, 3.2
 JEFF, 3.2, 9231, 14, 22, JEFF, 3.2
 JEFF, 3.2, 9231, 14, 24, JEFF, 3.2
 JEFF, 3.2, 9231, 14, 25, JEFF, 3.2
 JEFF, 3.2, 9231, 14, 28, JEFF, 3.2
 JEFF, 3.2, 9231, 14, 37, JEFF, 3.2
 JEFF, 3.2, 9231, 14, 41, JEFF, 3.2
 JEFF, 3.2, 9231, 14, 42, JEFF, 3.2
 JEFF, 3.2, 9231, 14, 102, JEFF, 3.2
 JEFF, 3.2, 9231, 14, 103, JEFF, 3.2
 JEFF, 3.2, 9231, 14, 107, JEFF, 3.2
 JEFF, 3.2, 9231, 15, 18, JEFF, 3.2
 JEFF, 3.2, 9234, 1, 451, JEFF, 3.2
 JEFF, 3.2, 9234, 1, 452, JEFF, 3.2
 JEFF, 3.2, 9234, 1, 455, JEFF, 3.2
 JEFF, 3.2, 9234, 1, 456, JEFF, 3.2
 JEFF, 3.2, 9234, 2, 151, JEFF, 3.2
 JEFF, 3.2, 9234, 3, 1, JEFF, 3.2
 JEFF, 3.2, 9234, 3, 2, JEFF, 3.2
 JEFF, 3.2, 9234, 3, 3, JEFF, 3.2
 JEFF, 3.2, 9234, 3, 4, JEFF, 3.2
 JEFF, 3.2, 9234, 3, 5, JEFF, 3.2
 JEFF, 3.2, 9234, 3, 16, JEFF, 3.2
 JEFF, 3.2, 9234, 3, 17, JEFF, 3.2
 JEFF, 3.2, 9234, 3, 18, JEFF, 3.2
 JEFF, 3.2, 9234, 3, 22, JEFF, 3.2
 JEFF, 3.2, 9234, 3, 24, JEFF, 3.2
 JEFF, 3.2, 9234, 3, 25, JEFF, 3.2
 JEFF, 3.2, 9234, 3, 28, JEFF, 3.2
 JEFF, 3.2, 9234, 3, 37, JEFF, 3.2
 JEFF, 3.2, 9234, 3, 41, JEFF, 3.2
 JEFF, 3.2, 9234, 3, 42, JEFF, 3.2
 JEFF, 3.2, 9234, 3, 51, JEFF, 3.2
 JEFF, 3.2, 9234, 3, 52, JEFF, 3.2
 JEFF, 3.2, 9234, 3, 53, JEFF, 3.2
 JEFF, 3.2, 9234, 3, 54, JEFF, 3.2
 JEFF, 3.2, 9234, 3, 55, JEFF, 3.2
 JEFF, 3.2, 9234, 3, 56, JEFF, 3.2
 JEFF, 3.2, 9234, 3, 57, JEFF, 3.2
 JEFF, 3.2, 9234, 3, 58, JEFF, 3.2
 JEFF, 3.2, 9234, 3, 59, JEFF, 3.2
 JEFF, 3.2, 9234, 3, 61, JEFF, 3.2
 JEFF, 3.2, 9234, 3, 62, JEFF, 3.2
 JEFF, 3.2, 9234, 3, 63, JEFF, 3.2
 JEFF, 3.2, 9234, 3, 64, JEFF, 3.2
 JEFF, 3.2, 9234, 3, 65, JEFF, 3.2
 JEFF, 3.2, 9234, 3, 66, JEFF, 3.2
 JEFF, 3.2, 9234, 3, 67, JEFF, 3.2
 JEFF, 3.2, 9234, 3, 68, JEFF, 3.2
 JEFF, 3.2, 9234, 3, 69, JEFF, 3.2
 JEFF, 3.2, 9234, 3, 71, JEFF, 3.2
 JEFF, 3.2, 9234, 3, 72, JEFF, 3.2
 JEFF, 3.2, 9234, 3, 73, JEFF, 3.2
 JEFF, 3.2, 9234, 3, 74, JEFF, 3.2
 JEFF, 3.2, 9234, 3, 75, JEFF, 3.2
 JEFF, 3.2, 9234, 3, 76, JEFF, 3.2
 JEFF, 3.2, 9234, 3, 77, JEFF, 3.2
 JEFF, 3.2, 9234, 3, 78, JEFF, 3.2
 JEFF, 3.2, 9234, 3, 79, JEFF, 3.2
 JEFF, 3.2, 9234, 3, 81, JEFF, 3.2
 JEFF, 3.2, 9234, 3, 82, JEFF, 3.2
 JEFF, 3.2, 9234, 3, 83, JEFF, 3.2
 JEFF, 3.2, 9234, 3, 84, JEFF, 3.2
 JEFF, 3.2, 9234, 3, 85, JEFF, 3.2
 JEFF, 3.2, 9234, 3, 86, JEFF, 3.2
 JEFF, 3.2, 9234, 3, 87, JEFF, 3.2
 JEFF, 3.2, 9234, 3, 88, JEFF, 3.2
 JEFF, 3.2, 9234, 3, 89, JEFF, 3.2
 JEFF, 3.2, 9234, 3, 91, JEFF, 3.2
 JEFF, 3.2, 9234, 3, 102, JEFF, 3.2
 JEFF, 3.2, 9234, 3, 103, JEFF, 3.2
 JEFF, 3.2, 9234, 3, 107, JEFF, 3.2
 JEFF, 3.2, 9234, 3, 251, JEFF, 3.2
 JEFF, 3.2, 9234, 3, 252, JEFF, 3.2
 JEFF, 3.2, 9234, 3, 253, JEFF, 3.2
 JEFF, 3.2, 9234, 4, 2, JEFF, 3.2
 JEFF, 3.2, 9234, 4, 16, JEFF, 3.2
 JEFF, 3.2, 9234, 4, 17, JEFF, 3.2
 JEFF, 3.2, 9234, 4, 18, JEFF, 3.2
 JEFF, 3.2, 9234, 4, 51, JEFF, 3.2
 JEFF, 3.2, 9234, 4, 52, JEFF, 3.2
 JEFF, 3.2, 9234, 4, 53, JEFF, 3.2
 JEFF, 3.2, 9234, 4, 54, JEFF, 3.2
 JEFF, 3.2, 9234, 4, 55, JEFF, 3.2
 JEFF, 3.2, 9234, 4, 56, JEFF, 3.2
 JEFF, 3.2, 9234, 4, 57, JEFF, 3.2
 JEFF, 3.2, 9234, 4, 58, JEFF, 3.2
 JEFF, 3.2, 9234, 4, 59, JEFF, 3.2
 JEFF, 3.2, 9234, 4, 61, JEFF, 3.2
 JEFF, 3.2, 9234, 4, 62, JEFF, 3.2
 JEFF, 3.2, 9234, 4, 63, JEFF, 3.2
 JEFF, 3.2, 9234, 4, 64, JEFF, 3.2
 JEFF, 3.2, 9234, 4, 65, JEFF, 3.2
 JEFF, 3.2, 9234, 4, 66, JEFF, 3.2
 JEFF, 3.2, 9234, 4, 67, JEFF, 3.2
 JEFF, 3.2, 9234, 4, 68, JEFF, 3.2
 JEFF, 3.2, 9234, 4, 69, JEFF, 3.2
 JEFF, 3.2, 9234, 4, 71, JEFF, 3.2
 JEFF, 3.2, 9234, 4, 72, JEFF, 3.2
 JEFF, 3.2, 9234, 4, 73, JEFF, 3.2
 JEFF, 3.2, 9234, 4, 74, JEFF, 3.2
 JEFF, 3.2, 9234, 4, 75, JEFF, 3.2
 JEFF, 3.2, 9234, 4, 76, JEFF, 3.2
 JEFF, 3.2, 9234, 4, 77, JEFF, 3.2
 JEFF, 3.2, 9234, 4, 78, JEFF, 3.2
 JEFF, 3.2, 9234, 4, 79, JEFF, 3.2
 JEFF, 3.2, 9234, 4, 81, JEFF, 3.2
 JEFF, 3.2, 9234, 4, 82, JEFF, 3.2
 JEFF, 3.2, 9234, 4, 83, JEFF, 3.2
 JEFF, 3.2, 9234, 4, 84, JEFF, 3.2
 JEFF, 3.2, 9234, 4, 85, JEFF, 3.2
 JEFF, 3.2, 9234, 4, 86, JEFF, 3.2
 JEFF, 3.2, 9234, 4, 87, JEFF, 3.2
 JEFF, 3.2, 9234, 4, 88, JEFF, 3.2
 JEFF, 3.2, 9234, 4, 89, JEFF, 3.2
 JEFF, 3.2, 9234, 4, 91, JEFF, 3.2
 JEFF, 3.2, 9234, 5, 16, JEFF, 3.2
 JEFF, 3.2, 9234, 5, 17, JEFF, 3.2
 JEFF, 3.2, 9234, 5, 18, JEFF, 3.2
 JEFF, 3.2, 9234, 5, 91, JEFF, 3.2
 JEFF, 3.2, 9234, 5, 455, JEFF, 3.2
 JEFF, 3.2, 9234, 6, 5, JEFF, 3.2
 JEFF, 3.2, 9234, 6, 16, JEFF, 3.2
 JEFF, 3.2, 9234, 6, 17, JEFF, 3.2
 JEFF, 3.2, 9234, 6, 22, JEFF, 3.2
 JEFF, 3.2, 9234, 6, 24, JEFF, 3.2
 JEFF, 3.2, 9234, 6, 25, JEFF, 3.2
 JEFF, 3.2, 9234, 6, 28, JEFF, 3.2
 JEFF, 3.2, 9234, 6, 37, JEFF, 3.2
 JEFF, 3.2, 9234, 6, 41, JEFF, 3.2
 JEFF, 3.2, 9234, 6, 42, JEFF, 3.2
 JEFF, 3.2, 9234, 6, 91, JEFF, 3.2
 JEFF, 3.2, 9234, 6, 102, JEFF, 3.2
 JEFF, 3.2, 9234, 8, 16, JEFF, 3.2
 JEFF, 3.2, 9234, 8, 17, JEFF, 3.2
 JEFF, 3.2, 9234, 8, 102, JEFF, 3.2
 JEFF, 3.2, 9234, 12, 18, JEFF, 3.2
 JEFF, 3.2, 9234, 12, 102, JEFF, 3.2
 JEFF, 3.2, 9234, 13, 3, JEFF, 3.2
 JEFF, 3.2, 9234, 13, 4, JEFF, 3.2
 JEFF, 3.2, 9234, 13, 16, JEFF, 3.2
 JEFF, 3.2, 9234, 13, 17, JEFF, 3.2
 JEFF, 3.2, 9234, 13, 22, JEFF, 3.2
 JEFF, 3.2, 9234, 13, 24, JEFF, 3.2
 JEFF, 3.2, 9234, 13, 25, JEFF, 3.2
 JEFF, 3.2, 9234, 13, 28, JEFF, 3.2
 JEFF, 3.2, 9234, 13, 37, JEFF, 3.2
 JEFF, 3.2, 9234, 13, 41, JEFF, 3.2
 JEFF, 3.2, 9234, 13, 42, JEFF, 3.2
 JEFF, 3.2, 9234, 13, 102, JEFF, 3.2
 JEFF, 3.2, 9234, 13, 103, JEFF, 3.2
 JEFF, 3.2, 9234, 13, 107, JEFF, 3.2
 JEFF, 3.2, 9234, 14, 3, JEFF, 3.2
 JEFF, 3.2, 9234, 14, 4, JEFF, 3.2
 JEFF, 3.2, 9234, 14, 16, JEFF, 3.2
 JEFF, 3.2, 9234, 14, 17, JEFF, 3.2
 JEFF, 3.2, 9234, 14, 18, JEFF, 3.2
 JEFF, 3.2, 9234, 14, 22, JEFF, 3.2
 JEFF, 3.2, 9234, 14, 24, JEFF, 3.2
 JEFF, 3.2, 9234, 14, 25, JEFF, 3.2
 JEFF, 3.2, 9234, 14, 28, JEFF, 3.2
 JEFF, 3.2, 9234, 14, 37, JEFF, 3.2
 JEFF, 3.2, 9234, 14, 41, JEFF, 3.2
 JEFF, 3.2, 9234, 14, 42, JEFF, 3.2
 JEFF, 3.2, 9234, 14, 102, JEFF, 3.2
 JEFF, 3.2, 9234, 14, 103, JEFF, 3.2
 JEFF, 3.2, 9234, 14, 107, JEFF, 3.2
 JEFF, 3.2, 9234, 15, 3, JEFF, 3.2
 JEFF, 3.2, 9234, 15, 18, JEFF, 3.2
 JEFF, 3.2, 9234, 15, 102, JEFF, 3.2
 JEFF, 3.2, 9237, 1, 451, JEFF, 3.2
 JEFF, 3.2, 9237, 1, 452, JEFF, 3.2
 JEFF, 3.2, 9237, 1, 455, JEFF, 3.2
 JEFF, 3.2, 9237, 1, 456, JEFF, 3.2
 JEFF, 3.2, 9237, 1, 458, JEFF, 3.2
 JEFF, 3.2, 9237, 2, 151, JEFF, 3.2
 JEFF, 3.2, 9237, 3, 1, JEFF, 3.2
 JEFF, 3.2, 9237, 3, 2, JEFF, 3.2
 JEFF, 3.2, 9237, 3, 4, JEFF, 3.2
 JEFF, 3.2, 9237, 3, 5, JEFF, 3.2
 JEFF, 3.2, 9237, 3, 16, JEFF, 3.2
 JEFF, 3.2, 9237, 3, 17, JEFF, 3.2
 JEFF, 3.2, 9237, 3, 18, JEFF, 3.2
 JEFF, 3.2, 9237, 3, 22, JEFF, 3.2
 JEFF, 3.2, 9237, 3, 24, JEFF, 3.2
 JEFF, 3.2, 9237, 3, 25, JEFF, 3.2
 JEFF, 3.2, 9237, 3, 28, JEFF, 3.2
 JEFF, 3.2, 9237, 3, 37, JEFF, 3.2
 JEFF, 3.2, 9237, 3, 41, JEFF, 3.2
 JEFF, 3.2, 9237, 3, 42, JEFF, 3.2
 JEFF, 3.2, 9237, 3, 51, JEFF, 3.2
 JEFF, 3.2, 9237, 3, 52, JEFF, 3.2
 JEFF, 3.2, 9237, 3, 53, JEFF, 3.2
 JEFF, 3.2, 9237, 3, 54, JEFF, 3.2
 JEFF, 3.2, 9237, 3, 55, JEFF, 3.2
 JEFF, 3.2, 9237, 3, 56, JEFF, 3.2
 JEFF, 3.2, 9237, 3, 57, JEFF, 3.2
 JEFF, 3.2, 9237, 3, 58, JEFF, 3.2
 JEFF, 3.2, 9237, 3, 59, JEFF, 3.2
 JEFF, 3.2, 9237, 3, 61, JEFF, 3.2
 JEFF, 3.2, 9237, 3, 62, JEFF, 3.2
 JEFF, 3.2, 9237, 3, 63, JEFF, 3.2
 JEFF, 3.2, 9237, 3, 64, JEFF, 3.2
 JEFF, 3.2, 9237, 3, 65, JEFF, 3.2
 JEFF, 3.2, 9237, 3, 66, JEFF, 3.2
 JEFF, 3.2, 9237, 3, 67, JEFF, 3.2
 JEFF, 3.2, 9237, 3, 68, JEFF, 3.2
 JEFF, 3.2, 9237, 3, 69, JEFF, 3.2
 JEFF, 3.2, 9237, 3, 71, JEFF, 3.2
 JEFF, 3.2, 9237, 3, 72, JEFF, 3.2
 JEFF, 3.2, 9237, 3, 73, JEFF, 3.2
 JEFF, 3.2, 9237, 3, 74, JEFF, 3.2
 JEFF, 3.2, 9237, 3, 75, JEFF, 3.2
 JEFF, 3.2, 9237, 3, 76, JEFF, 3.2
 JEFF, 3.2, 9237, 3, 77, JEFF, 3.2
 JEFF, 3.2, 9237, 3, 78, JEFF, 3.2
 JEFF, 3.2, 9237, 3, 79, JEFF, 3.2
 JEFF, 3.2, 9237, 3, 81, JEFF, 3.2
 JEFF, 3.2, 9237, 3, 82, JEFF, 3.2
 JEFF, 3.2, 9237, 3, 83, JEFF, 3.2
 JEFF, 3.2, 9237, 3, 84, JEFF, 3.2
 JEFF, 3.2, 9237, 3, 85, JEFF, 3.2
 JEFF, 3.2, 9237, 3, 86, JEFF, 3.2
 JEFF, 3.2, 9237, 3, 87, JEFF, 3.2
 JEFF, 3.2, 9237, 3, 88, JEFF, 3.2
 JEFF, 3.2, 9237, 3, 89, JEFF, 3.2
 JEFF, 3.2, 9237, 3, 91, JEFF, 3.2
 JEFF, 3.2, 9237, 3, 102, JEFF, 3.2
 JEFF, 3.2, 9237, 3, 103, JEFF, 3.2
 JEFF, 3.2, 9237, 3, 107, JEFF, 3.2
 JEFF, 3.2, 9237, 3, 251, JEFF, 3.2
 JEFF, 3.2, 9237, 4, 2, JEFF, 3.2
 JEFF, 3.2, 9237, 4, 16, JEFF, 3.2
 JEFF, 3.2, 9237, 4, 17, JEFF, 3.2
 JEFF, 3.2, 9237, 4, 18, JEFF, 3.2
 JEFF, 3.2, 9237, 4, 51, JEFF, 3.2
 JEFF, 3.2, 9237, 4, 52, JEFF, 3.2
 JEFF, 3.2, 9237, 4, 53, JEFF, 3.2
 JEFF, 3.2, 9237, 4, 54, JEFF, 3.2
 JEFF, 3.2, 9237, 4, 55, JEFF, 3.2
 JEFF, 3.2, 9237, 4, 56, JEFF, 3.2
 JEFF, 3.2, 9237, 4, 57, JEFF, 3.2
 JEFF, 3.2, 9237, 4, 58, JEFF, 3.2
 JEFF, 3.2, 9237, 4, 59, JEFF, 3.2
 JEFF, 3.2, 9237, 4, 61, JEFF, 3.2
 JEFF, 3.2, 9237, 4, 62, JEFF, 3.2
 JEFF, 3.2, 9237, 4, 63, JEFF, 3.2
 JEFF, 3.2, 9237, 4, 64, JEFF, 3.2
 JEFF, 3.2, 9237, 4, 65, JEFF, 3.2
 JEFF, 3.2, 9237, 4, 66, JEFF, 3.2
 JEFF, 3.2, 9237, 4, 67, JEFF, 3.2
 JEFF, 3.2, 9237, 4, 68, JEFF, 3.2
 JEFF, 3.2, 9237, 4, 69, JEFF, 3.2
 JEFF, 3.2, 9237, 4, 71, JEFF, 3.2
 JEFF, 3.2, 9237, 4, 72, JEFF, 3.2
 JEFF, 3.2, 9237, 4, 73, JEFF, 3.2
 JEFF, 3.2, 9237, 4, 74, JEFF, 3.2
 JEFF, 3.2, 9237, 4, 75, JEFF, 3.2
 JEFF, 3.2, 9237, 4, 76, JEFF, 3.2
 JEFF, 3.2, 9237, 4, 77, JEFF, 3.2
 JEFF, 3.2, 9237, 4, 78, JEFF, 3.2
 JEFF, 3.2, 9237, 4, 79, JEFF, 3.2
 JEFF, 3.2, 9237, 4, 81, JEFF, 3.2
 JEFF, 3.2, 9237, 4, 82, JEFF, 3.2
 JEFF, 3.2, 9237, 4, 83, JEFF, 3.2
 JEFF, 3.2, 9237, 4, 84, JEFF, 3.2
 JEFF, 3.2, 9237, 4, 85, JEFF, 3.2
 JEFF, 3.2, 9237, 4, 86, JEFF, 3.2
 JEFF, 3.2, 9237, 4, 87, JEFF, 3.2
 JEFF, 3.2, 9237, 4, 88, JEFF, 3.2
 JEFF, 3.2, 9237, 4, 89, JEFF, 3.2
 JEFF, 3.2, 9237, 4, 91, JEFF, 3.2
 JEFF, 3.2, 9237, 5, 16, JEFF, 3.2
 JEFF, 3.2, 9237, 5, 17, JEFF, 3.2
 JEFF, 3.2, 9237, 5, 18, JEFF, 3.2
 JEFF, 3.2, 9237, 5, 91, JEFF, 3.2
 JEFF, 3.2, 9237, 5, 455, JEFF, 3.2
 JEFF, 3.2, 9237, 6, 5, JEFF, 3.2
 JEFF, 3.2, 9237, 6, 16, JEFF, 3.2
 JEFF, 3.2, 9237, 6, 17, JEFF, 3.2
 JEFF, 3.2, 9237, 6, 22, JEFF, 3.2
 JEFF, 3.2, 9237, 6, 24, JEFF, 3.2
 JEFF, 3.2, 9237, 6, 25, JEFF, 3.2
 JEFF, 3.2, 9237, 6, 28, JEFF, 3.2
 JEFF, 3.2, 9237, 6, 37, JEFF, 3.2
 JEFF, 3.2, 9237, 6, 41, JEFF, 3.2
 JEFF, 3.2, 9237, 6, 42, JEFF, 3.2
 JEFF, 3.2, 9237, 6, 91, JEFF, 3.2
 JEFF, 3.2, 9237, 6, 102, JEFF, 3.2
 JEFF, 3.2, 9237, 6, 103, JEFF, 3.2
 JEFF, 3.2, 9237, 6, 107, JEFF, 3.2
 JEFF, 3.2, 9237, 8, 5, JEFF, 3.2
 JEFF, 3.2, 9237, 8, 37, JEFF, 3.2
 JEFF, 3.2, 9237, 10, 37, JEFF, 3.2
 JEFF, 3.2, 9237, 12, 16, JEFF, 3.2
 JEFF, 3.2, 9237, 12, 17, JEFF, 3.2
 JEFF, 3.2, 9237, 12, 18, JEFF, 3.2
 JEFF, 3.2, 9237, 12, 51, JEFF, 3.2
 JEFF, 3.2, 9237, 12, 52, JEFF, 3.2
 JEFF, 3.2, 9237, 12, 53, JEFF, 3.2
 JEFF, 3.2, 9237, 12, 54, JEFF, 3.2
 JEFF, 3.2, 9237, 12, 55, JEFF, 3.2
 JEFF, 3.2, 9237, 12, 56, JEFF, 3.2
 JEFF, 3.2, 9237, 12, 57, JEFF, 3.2
 JEFF, 3.2, 9237, 12, 58, JEFF, 3.2
 JEFF, 3.2, 9237, 12, 59, JEFF, 3.2
 JEFF, 3.2, 9237, 12, 61, JEFF, 3.2
 JEFF, 3.2, 9237, 12, 62, JEFF, 3.2
 JEFF, 3.2, 9237, 12, 63, JEFF, 3.2
 JEFF, 3.2, 9237, 12, 64, JEFF, 3.2
 JEFF, 3.2, 9237, 12, 65, JEFF, 3.2
 JEFF, 3.2, 9237, 12, 66, JEFF, 3.2
 JEFF, 3.2, 9237, 12, 67, JEFF, 3.2
 JEFF, 3.2, 9237, 12, 68, JEFF, 3.2
 JEFF, 3.2, 9237, 12, 69, JEFF, 3.2
 JEFF, 3.2, 9237, 12, 71, JEFF, 3.2
 JEFF, 3.2, 9237, 12, 72, JEFF, 3.2
 JEFF, 3.2, 9237, 12, 73, JEFF, 3.2
 JEFF, 3.2, 9237, 12, 74, JEFF, 3.2
 JEFF, 3.2, 9237, 12, 75, JEFF, 3.2
 JEFF, 3.2, 9237, 12, 76, JEFF, 3.2
 JEFF, 3.2, 9237, 12, 77, JEFF, 3.2
 JEFF, 3.2, 9237, 12, 78, JEFF, 3.2
 JEFF, 3.2, 9237, 12, 79, JEFF, 3.2
 JEFF, 3.2, 9237, 12, 81, JEFF, 3.2
 JEFF, 3.2, 9237, 12, 82, JEFF, 3.2
 JEFF, 3.2, 9237, 12, 83, JEFF, 3.2
 JEFF, 3.2, 9237, 12, 84, JEFF, 3.2
 JEFF, 3.2, 9237, 12, 85, JEFF, 3.2
 JEFF, 3.2, 9237, 12, 86, JEFF, 3.2
 JEFF, 3.2, 9237, 12, 87, JEFF, 3.2
 JEFF, 3.2, 9237, 12, 88, JEFF, 3.2
 JEFF, 3.2, 9237, 12, 89, JEFF, 3.2
 JEFF, 3.2, 9237, 12, 102, JEFF, 3.2
 JEFF, 3.2, 9237, 13, 4, JEFF, 3.2
 JEFF, 3.2, 9237, 14, 4, JEFF, 3.2
 JEFF, 3.2, 9237, 14, 16, JEFF, 3.2
 JEFF, 3.2, 9237, 14, 17, JEFF, 3.2
 JEFF, 3.2, 9237, 14, 18, JEFF, 3.2
 JEFF, 3.2, 9237, 14, 51, JEFF, 3.2
 JEFF, 3.2, 9237, 14, 52, JEFF, 3.2
 JEFF, 3.2, 9237, 14, 53, JEFF, 3.2
 JEFF, 3.2, 9237, 14, 54, JEFF, 3.2
 JEFF, 3.2, 9237, 14, 55, JEFF, 3.2
 JEFF, 3.2, 9237, 14, 56, JEFF, 3.2
 JEFF, 3.2, 9237, 14, 57, JEFF, 3.2
 JEFF, 3.2, 9237, 14, 58, JEFF, 3.2
 JEFF, 3.2, 9237, 14, 59, JEFF, 3.2
 JEFF, 3.2, 9237, 14, 61, JEFF, 3.2
 JEFF, 3.2, 9237, 14, 62, JEFF, 3.2
 JEFF, 3.2, 9237, 14, 63, JEFF, 3.2
 JEFF, 3.2, 9237, 14, 64, JEFF, 3.2
 JEFF, 3.2, 9237, 14, 65, JEFF, 3.2
 JEFF, 3.2, 9237, 14, 66, JEFF, 3.2
 JEFF, 3.2, 9237, 14, 67, JEFF, 3.2
 JEFF, 3.2, 9237, 14, 68, JEFF, 3.2
 JEFF, 3.2, 9237, 14, 69, JEFF, 3.2
 JEFF, 3.2, 9237, 14, 71, JEFF, 3.2
 JEFF, 3.2, 9237, 14, 72, JEFF, 3.2
 JEFF, 3.2, 9237, 14, 73, JEFF, 3.2
 JEFF, 3.2, 9237, 14, 74, JEFF, 3.2
 JEFF, 3.2, 9237, 14, 75, JEFF, 3.2
 JEFF, 3.2, 9237, 14, 76, JEFF, 3.2
 JEFF, 3.2, 9237, 14, 77, JEFF, 3.2
 JEFF, 3.2, 9237, 14, 78, JEFF, 3.2
 JEFF, 3.2, 9237, 14, 79, JEFF, 3.2
 JEFF, 3.2, 9237, 14, 81, JEFF, 3.2
 JEFF, 3.2, 9237, 14, 82, JEFF, 3.2
 JEFF, 3.2, 9237, 14, 83, JEFF, 3.2
 JEFF, 3.2, 9237, 14, 84, JEFF, 3.2
 JEFF, 3.2, 9237, 14, 85, JEFF, 3.2
 JEFF, 3.2, 9237, 14, 86, JEFF, 3.2
 JEFF, 3.2, 9237, 14, 87, JEFF, 3.2
 JEFF, 3.2, 9237, 14, 88, JEFF, 3.2
 JEFF, 3.2, 9237, 14, 89, JEFF, 3.2
 JEFF, 3.2, 9237, 14, 102, JEFF, 3.2
 JEFF, 3.2, 9237, 15, 4, JEFF, 3.2
 JEFF, 3.2, 9237, 15, 16, JEFF, 3.2
 JEFF, 3.2, 9237, 15, 17, JEFF, 3.2
 JEFF, 3.2, 9237, 15, 18, JEFF, 3.2
 JEFF, 3.2, 9237, 15, 102, JEFF, 3.2
 JEFF, 3.2, 9237, 33, 1, JEFF, 3.2
 JEFF, 3.2, 9237, 33, 2, JEFF, 3.2
 JEFF, 3.2, 9237, 33, 4, JEFF, 3.2
 JEFF, 3.2, 9237, 33, 18, JEFF, 3.2
 JEFF, 3.2, 9237, 33, 51, JEFF, 3.2
 JEFF, 3.2, 9237, 33, 52, JEFF, 3.2
 JEFF, 3.2, 9237, 33, 102, JEFF, 3.2
 JEFF, 3.2, 9240, 1, 451, JEFF, 3.2
 JEFF, 3.2, 9240, 1, 452, JEFF, 3.2
 JEFF, 3.2, 9240, 1, 455, JEFF, 3.2
 JEFF, 3.2, 9240, 1, 456, JEFF, 3.2
 JEFF, 3.2, 9240, 1, 458, JEFF, 3.2
 JEFF, 3.2, 9240, 2, 151, JEFF, 3.2
 JEFF, 3.2, 9240, 3, 1, JEFF, 3.2
 JEFF, 3.2, 9240, 3, 2, JEFF, 3.2
 JEFF, 3.2, 9240, 3, 3, JEFF, 3.2
 JEFF, 3.2, 9240, 3, 4, JEFF, 3.2
 JEFF, 3.2, 9240, 3, 16, JEFF, 3.2
 JEFF, 3.2, 9240, 3, 17, JEFF, 3.2
 JEFF, 3.2, 9240, 3, 18, JEFF, 3.2
 JEFF, 3.2, 9240, 3, 37, JEFF, 3.2
 JEFF, 3.2, 9240, 3, 51, JEFF, 3.2
 JEFF, 3.2, 9240, 3, 52, JEFF, 3.2
 JEFF, 3.2, 9240, 3, 53, JEFF, 3.2
 JEFF, 3.2, 9240, 3, 54, JEFF, 3.2
 JEFF, 3.2, 9240, 3, 55, JEFF, 3.2
 JEFF, 3.2, 9240, 3, 56, JEFF, 3.2
 JEFF, 3.2, 9240, 3, 57, JEFF, 3.2
 JEFF, 3.2, 9240, 3, 58, JEFF, 3.2
 JEFF, 3.2, 9240, 3, 59, JEFF, 3.2
 JEFF, 3.2, 9240, 3, 61, JEFF, 3.2
 JEFF, 3.2, 9240, 3, 62, JEFF, 3.2
 JEFF, 3.2, 9240, 3, 63, JEFF, 3.2
 JEFF, 3.2, 9240, 3, 64, JEFF, 3.2
 JEFF, 3.2, 9240, 3, 65, JEFF, 3.2
 JEFF, 3.2, 9240, 3, 66, JEFF, 3.2
 JEFF, 3.2, 9240, 3, 67, JEFF, 3.2
 JEFF, 3.2, 9240, 3, 68, JEFF, 3.2
 JEFF, 3.2, 9240, 3, 69, JEFF, 3.2
 JEFF, 3.2, 9240, 3, 71, JEFF, 3.2
 JEFF, 3.2, 9240, 3, 72, JEFF, 3.2
 JEFF, 3.2, 9240, 3, 73, JEFF, 3.2
 JEFF, 3.2, 9240, 3, 74, JEFF, 3.2
 JEFF, 3.2, 9240, 3, 75, JEFF, 3.2
 JEFF, 3.2, 9240, 3, 76, JEFF, 3.2
 JEFF, 3.2, 9240, 3, 77, JEFF, 3.2
 JEFF, 3.2, 9240, 3, 78, JEFF, 3.2
 JEFF, 3.2, 9240, 3, 79, JEFF, 3.2
 JEFF, 3.2, 9240, 3, 81, JEFF, 3.2
 JEFF, 3.2, 9240, 3, 82, JEFF, 3.2
 JEFF, 3.2, 9240, 3, 83, JEFF, 3.2
 JEFF, 3.2, 9240, 3, 84, JEFF, 3.2
 JEFF, 3.2, 9240, 3, 85, JEFF, 3.2
 JEFF, 3.2, 9240, 3, 86, JEFF, 3.2
 JEFF, 3.2, 9240, 3, 91, JEFF, 3.2
 JEFF, 3.2, 9240, 3, 102, JEFF, 3.2
 JEFF, 3.2, 9240, 4, 2, JEFF, 3.2
 JEFF, 3.2, 9240, 4, 18, JEFF, 3.2
 JEFF, 3.2, 9240, 4, 51, JEFF, 3.2
 JEFF, 3.2, 9240, 4, 52, JEFF, 3.2
 JEFF, 3.2, 9240, 4, 53, JEFF, 3.2
 JEFF, 3.2, 9240, 4, 54, JEFF, 3.2
 JEFF, 3.2, 9240, 4, 55, JEFF, 3.2
 JEFF, 3.2, 9240, 4, 56, JEFF, 3.2
 JEFF, 3.2, 9240, 4, 57, JEFF, 3.2
 JEFF, 3.2, 9240, 4, 58, JEFF, 3.2
 JEFF, 3.2, 9240, 4, 59, JEFF, 3.2
 JEFF, 3.2, 9240, 4, 61, JEFF, 3.2
 JEFF, 3.2, 9240, 4, 62, JEFF, 3.2
 JEFF, 3.2, 9240, 4, 63, JEFF, 3.2
 JEFF, 3.2, 9240, 4, 64, JEFF, 3.2
 JEFF, 3.2, 9240, 4, 65, JEFF, 3.2
 JEFF, 3.2, 9240, 4, 66, JEFF, 3.2
 JEFF, 3.2, 9240, 4, 67, JEFF, 3.2
 JEFF, 3.2, 9240, 4, 68, JEFF, 3.2
 JEFF, 3.2, 9240, 4, 69, JEFF, 3.2
 JEFF, 3.2, 9240, 4, 71, JEFF, 3.2
 JEFF, 3.2, 9240, 4, 72, JEFF, 3.2
 JEFF, 3.2, 9240, 4, 73, JEFF, 3.2
 JEFF, 3.2, 9240, 4, 74, JEFF, 3.2
 JEFF, 3.2, 9240, 4, 75, JEFF, 3.2
 JEFF, 3.2, 9240, 4, 76, JEFF, 3.2
 JEFF, 3.2, 9240, 4, 77, JEFF, 3.2
 JEFF, 3.2, 9240, 4, 78, JEFF, 3.2
 JEFF, 3.2, 9240, 4, 79, JEFF, 3.2
 JEFF, 3.2, 9240, 4, 81, JEFF, 3.2
 JEFF, 3.2, 9240, 4, 82, JEFF, 3.2
 JEFF, 3.2, 9240, 4, 83, JEFF, 3.2
 JEFF, 3.2, 9240, 4, 84, JEFF, 3.2
 JEFF, 3.2, 9240, 4, 85, JEFF, 3.2
 JEFF, 3.2, 9240, 4, 86, JEFF, 3.2
 JEFF, 3.2, 9240, 5, 18, JEFF, 3.2
 JEFF, 3.2, 9240, 5, 455, JEFF, 3.2
 JEFF, 3.2, 9240, 6, 16, JEFF, 3.2
 JEFF, 3.2, 9240, 6, 17, JEFF, 3.2
 JEFF, 3.2, 9240, 6, 37, JEFF, 3.2
 JEFF, 3.2, 9240, 6, 91, JEFF, 3.2
 JEFF, 3.2, 9240, 8, 16, JEFF, 3.2
 JEFF, 3.2, 9240, 8, 17, JEFF, 3.2
 JEFF, 3.2, 9240, 8, 102, JEFF, 3.2
 JEFF, 3.2, 9240, 12, 18, JEFF, 3.2
 JEFF, 3.2, 9240, 12, 102, JEFF, 3.2
 JEFF, 3.2, 9240, 13, 3, JEFF, 3.2
 JEFF, 3.2, 9240, 14, 3, JEFF, 3.2
 JEFF, 3.2, 9240, 14, 18, JEFF, 3.2
 JEFF, 3.2, 9240, 14, 102, JEFF, 3.2
 JEFF, 3.2, 9240, 15, 3, JEFF, 3.2
 JEFF, 3.2, 9240, 15, 18, JEFF, 3.2
 JEFF, 3.2, 9240, 15, 102, JEFF, 3.2
 JEFF, 3.2, 9243, 1, 451, JEFF, 3.2
 JEFF, 3.2, 9243, 1, 452, JEFF, 3.2
 JEFF, 3.2, 9243, 1, 455, JEFF, 3.2
 JEFF, 3.2, 9243, 1, 456, JEFF, 3.2
 JEFF, 3.2, 9243, 1, 458, JEFF, 3.2
 JEFF, 3.2, 9243, 2, 151, JEFF, 3.2
 JEFF, 3.2, 9243, 3, 1, JEFF, 3.2
 JEFF, 3.2, 9243, 3, 2, JEFF, 3.2
 JEFF, 3.2, 9243, 3, 3, JEFF, 3.2
 JEFF, 3.2, 9243, 3, 4, JEFF, 3.2
 JEFF, 3.2, 9243, 3, 16, JEFF, 3.2
 JEFF, 3.2, 9243, 3, 17, JEFF, 3.2
 JEFF, 3.2, 9243, 3, 18, JEFF, 3.2
 JEFF, 3.2, 9243, 3, 19, JEFF, 3.2
 JEFF, 3.2, 9243, 3, 21, JEFF, 3.2
 JEFF, 3.2, 9243, 3, 37, JEFF, 3.2
 JEFF, 3.2, 9243, 3, 38, JEFF, 3.2
 JEFF, 3.2, 9243, 3, 51, JEFF, 3.2
 JEFF, 3.2, 9243, 3, 52, JEFF, 3.2
 JEFF, 3.2, 9243, 3, 53, JEFF, 3.2
 JEFF, 3.2, 9243, 3, 54, JEFF, 3.2
 JEFF, 3.2, 9243, 3, 55, JEFF, 3.2
 JEFF, 3.2, 9243, 3, 56, JEFF, 3.2
 JEFF, 3.2, 9243, 3, 57, JEFF, 3.2
 JEFF, 3.2, 9243, 3, 58, JEFF, 3.2
 JEFF, 3.2, 9243, 3, 59, JEFF, 3.2
 JEFF, 3.2, 9243, 3, 61, JEFF, 3.2
 JEFF, 3.2, 9243, 3, 62, JEFF, 3.2
 JEFF, 3.2, 9243, 3, 63, JEFF, 3.2
 JEFF, 3.2, 9243, 3, 64, JEFF, 3.2
 JEFF, 3.2, 9243, 3, 65, JEFF, 3.2
 JEFF, 3.2, 9243, 3, 66, JEFF, 3.2
 JEFF, 3.2, 9243, 3, 67, JEFF, 3.2
 JEFF, 3.2, 9243, 3, 68, JEFF, 3.2
 JEFF, 3.2, 9243, 3, 69, JEFF, 3.2
 JEFF, 3.2, 9243, 3, 71, JEFF, 3.2
 JEFF, 3.2, 9243, 3, 72, JEFF, 3.2
 JEFF, 3.2, 9243, 3, 73, JEFF, 3.2
 JEFF, 3.2, 9243, 3, 74, JEFF, 3.2
 JEFF, 3.2, 9243, 3, 75, JEFF, 3.2
 JEFF, 3.2, 9243, 3, 76, JEFF, 3.2
 JEFF, 3.2, 9243, 3, 77, JEFF, 3.2
 JEFF, 3.2, 9243, 3, 78, JEFF, 3.2
 JEFF, 3.2, 9243, 3, 79, JEFF, 3.2
 JEFF, 3.2, 9243, 3, 81, JEFF, 3.2
 JEFF, 3.2, 9243, 3, 82, JEFF, 3.2
 JEFF, 3.2, 9243, 3, 83, JEFF, 3.2
 JEFF, 3.2, 9243, 3, 84, JEFF, 3.2
 JEFF, 3.2, 9243, 3, 85, JEFF, 3.2
 JEFF, 3.2, 9243, 3, 86, JEFF, 3.2
 JEFF, 3.2, 9243, 3, 87, JEFF, 3.2
 JEFF, 3.2, 9243, 3, 88, JEFF, 3.2
 JEFF, 3.2, 9243, 3, 89, JEFF, 3.2
 JEFF, 3.2, 9243, 3, 91, JEFF, 3.2
 JEFF, 3.2, 9243, 3, 102, JEFF, 3.2
 JEFF, 3.2, 9243, 4, 2, JEFF, 3.2
 JEFF, 3.2, 9243, 4, 18, JEFF, 3.2
 JEFF, 3.2, 9243, 4, 19, JEFF, 3.2
 JEFF, 3.2, 9243, 4, 21, JEFF, 3.2
 JEFF, 3.2, 9243, 4, 38, JEFF, 3.2
 JEFF, 3.2, 9243, 4, 51, JEFF, 3.2
 JEFF, 3.2, 9243, 4, 52, JEFF, 3.2
 JEFF, 3.2, 9243, 4, 53, JEFF, 3.2
 JEFF, 3.2, 9243, 4, 54, JEFF, 3.2
 JEFF, 3.2, 9243, 4, 55, JEFF, 3.2
 JEFF, 3.2, 9243, 4, 56, JEFF, 3.2
 JEFF, 3.2, 9243, 4, 57, JEFF, 3.2
 JEFF, 3.2, 9243, 4, 58, JEFF, 3.2
 JEFF, 3.2, 9243, 4, 59, JEFF, 3.2
 JEFF, 3.2, 9243, 4, 61, JEFF, 3.2
 JEFF, 3.2, 9243, 4, 62, JEFF, 3.2
 JEFF, 3.2, 9243, 4, 63, JEFF, 3.2
 JEFF, 3.2, 9243, 4, 64, JEFF, 3.2
 JEFF, 3.2, 9243, 4, 65, JEFF, 3.2
 JEFF, 3.2, 9243, 4, 66, JEFF, 3.2
 JEFF, 3.2, 9243, 4, 67, JEFF, 3.2
 JEFF, 3.2, 9243, 4, 68, JEFF, 3.2
 JEFF, 3.2, 9243, 4, 69, JEFF, 3.2
 JEFF, 3.2, 9243, 4, 71, JEFF, 3.2
 JEFF, 3.2, 9243, 4, 72, JEFF, 3.2
 JEFF, 3.2, 9243, 4, 73, JEFF, 3.2
 JEFF, 3.2, 9243, 4, 74, JEFF, 3.2
 JEFF, 3.2, 9243, 4, 75, JEFF, 3.2
 JEFF, 3.2, 9243, 4, 76, JEFF, 3.2
 JEFF, 3.2, 9243, 4, 77, JEFF, 3.2
 JEFF, 3.2, 9243, 4, 78, JEFF, 3.2
 JEFF, 3.2, 9243, 4, 79, JEFF, 3.2
 JEFF, 3.2, 9243, 4, 81, JEFF, 3.2
 JEFF, 3.2, 9243, 4, 82, JEFF, 3.2
 JEFF, 3.2, 9243, 4, 83, JEFF, 3.2
 JEFF, 3.2, 9243, 4, 84, JEFF, 3.2
 JEFF, 3.2, 9243, 4, 85, JEFF, 3.2
 JEFF, 3.2, 9243, 4, 86, JEFF, 3.2
 JEFF, 3.2, 9243, 4, 87, JEFF, 3.2
 JEFF, 3.2, 9243, 4, 88, JEFF, 3.2
 JEFF, 3.2, 9243, 4, 89, JEFF, 3.2
 JEFF, 3.2, 9243, 5, 18, JEFF, 3.2
 JEFF, 3.2, 9243, 5, 19, JEFF, 3.2
 JEFF, 3.2, 9243, 5, 21, JEFF, 3.2
 JEFF, 3.2, 9243, 5, 38, JEFF, 3.2
 JEFF, 3.2, 9243, 5, 455, JEFF, 3.2
 JEFF, 3.2, 9243, 6, 16, JEFF, 3.2
 JEFF, 3.2, 9243, 6, 17, JEFF, 3.2
 JEFF, 3.2, 9243, 6, 37, JEFF, 3.2
 JEFF, 3.2, 9243, 6, 91, JEFF, 3.2
 JEFF, 3.2, 9243, 12, 18, JEFF, 3.2
 JEFF, 3.2, 9243, 12, 102, JEFF, 3.2
 JEFF, 3.2, 9243, 13, 3, JEFF, 3.2
 JEFF, 3.2, 9243, 14, 3, JEFF, 3.2
 JEFF, 3.2, 9243, 14, 18, JEFF, 3.2
 JEFF, 3.2, 9243, 14, 102, JEFF, 3.2
 JEFF, 3.2, 9243, 15, 3, JEFF, 3.2
 JEFF, 3.2, 9243, 15, 18, JEFF, 3.2
 JEFF, 3.2, 9243, 15, 102, JEFF, 3.2
 JEFF, 3.2, 9246, 1, 451, JEFF, 3.2
 JEFF, 3.2, 9246, 1, 452, JEFF, 3.2
 JEFF, 3.2, 9246, 1, 455, JEFF, 3.2
 JEFF, 3.2, 9246, 1, 456, JEFF, 3.2
 JEFF, 3.2, 9246, 1, 458, JEFF, 3.2
 JEFF, 3.2, 9246, 2, 151, JEFF, 3.2
 JEFF, 3.2, 9246, 3, 1, JEFF, 3.2
 JEFF, 3.2, 9246, 3, 2, JEFF, 3.2
 JEFF, 3.2, 9246, 3, 3, JEFF, 3.2
 JEFF, 3.2, 9246, 3, 4, JEFF, 3.2
 JEFF, 3.2, 9246, 3, 16, JEFF, 3.2
 JEFF, 3.2, 9246, 3, 17, JEFF, 3.2
 JEFF, 3.2, 9246, 3, 18, JEFF, 3.2
 JEFF, 3.2, 9246, 3, 37, JEFF, 3.2
 JEFF, 3.2, 9246, 3, 51, JEFF, 3.2
 JEFF, 3.2, 9246, 3, 52, JEFF, 3.2
 JEFF, 3.2, 9246, 3, 53, JEFF, 3.2
 JEFF, 3.2, 9246, 3, 54, JEFF, 3.2
 JEFF, 3.2, 9246, 3, 55, JEFF, 3.2
 JEFF, 3.2, 9246, 3, 56, JEFF, 3.2
 JEFF, 3.2, 9246, 3, 57, JEFF, 3.2
 JEFF, 3.2, 9246, 3, 58, JEFF, 3.2
 JEFF, 3.2, 9246, 3, 59, JEFF, 3.2
 JEFF, 3.2, 9246, 3, 61, JEFF, 3.2
 JEFF, 3.2, 9246, 3, 62, JEFF, 3.2
 JEFF, 3.2, 9246, 3, 63, JEFF, 3.2
 JEFF, 3.2, 9246, 3, 64, JEFF, 3.2
 JEFF, 3.2, 9246, 3, 65, JEFF, 3.2
 JEFF, 3.2, 9246, 3, 66, JEFF, 3.2
 JEFF, 3.2, 9246, 3, 67, JEFF, 3.2
 JEFF, 3.2, 9246, 3, 68, JEFF, 3.2
 JEFF, 3.2, 9246, 3, 69, JEFF, 3.2
 JEFF, 3.2, 9246, 3, 71, JEFF, 3.2
 JEFF, 3.2, 9246, 3, 72, JEFF, 3.2
 JEFF, 3.2, 9246, 3, 73, JEFF, 3.2
 JEFF, 3.2, 9246, 3, 74, JEFF, 3.2
 JEFF, 3.2, 9246, 3, 75, JEFF, 3.2
 JEFF, 3.2, 9246, 3, 76, JEFF, 3.2
 JEFF, 3.2, 9246, 3, 77, JEFF, 3.2
 JEFF, 3.2, 9246, 3, 91, JEFF, 3.2
 JEFF, 3.2, 9246, 3, 102, JEFF, 3.2
 JEFF, 3.2, 9246, 4, 2, JEFF, 3.2
 JEFF, 3.2, 9246, 4, 18, JEFF, 3.2
 JEFF, 3.2, 9246, 4, 51, JEFF, 3.2
 JEFF, 3.2, 9246, 4, 52, JEFF, 3.2
 JEFF, 3.2, 9246, 4, 53, JEFF, 3.2
 JEFF, 3.2, 9246, 4, 54, JEFF, 3.2
 JEFF, 3.2, 9246, 4, 55, JEFF, 3.2
 JEFF, 3.2, 9246, 4, 56, JEFF, 3.2
 JEFF, 3.2, 9246, 4, 57, JEFF, 3.2
 JEFF, 3.2, 9246, 4, 58, JEFF, 3.2
 JEFF, 3.2, 9246, 4, 59, JEFF, 3.2
 JEFF, 3.2, 9246, 4, 61, JEFF, 3.2
 JEFF, 3.2, 9246, 4, 62, JEFF, 3.2
 JEFF, 3.2, 9246, 4, 63, JEFF, 3.2
 JEFF, 3.2, 9246, 4, 64, JEFF, 3.2
 JEFF, 3.2, 9246, 4, 65, JEFF, 3.2
 JEFF, 3.2, 9246, 4, 66, JEFF, 3.2
 JEFF, 3.2, 9246, 4, 67, JEFF, 3.2
 JEFF, 3.2, 9246, 4, 68, JEFF, 3.2
 JEFF, 3.2, 9246, 4, 69, JEFF, 3.2
 JEFF, 3.2, 9246, 4, 71, JEFF, 3.2
 JEFF, 3.2, 9246, 4, 72, JEFF, 3.2
 JEFF, 3.2, 9246, 4, 73, JEFF, 3.2
 JEFF, 3.2, 9246, 4, 74, JEFF, 3.2
 JEFF, 3.2, 9246, 4, 75, JEFF, 3.2
 JEFF, 3.2, 9246, 4, 76, JEFF, 3.2
 JEFF, 3.2, 9246, 4, 77, JEFF, 3.2
 JEFF, 3.2, 9246, 5, 18, JEFF, 3.2
 JEFF, 3.2, 9246, 5, 455, JEFF, 3.2
 JEFF, 3.2, 9246, 6, 16, JEFF, 3.2
 JEFF, 3.2, 9246, 6, 17, JEFF, 3.2
 JEFF, 3.2, 9246, 6, 37, JEFF, 3.2
 JEFF, 3.2, 9246, 6, 91, JEFF, 3.2
 JEFF, 3.2, 9246, 8, 16, JEFF, 3.2
 JEFF, 3.2, 9246, 8, 17, JEFF, 3.2
 JEFF, 3.2, 9246, 8, 37, JEFF, 3.2
 JEFF, 3.2, 9246, 8, 102, JEFF, 3.2
 JEFF, 3.2, 9246, 12, 18, JEFF, 3.2
 JEFF, 3.2, 9246, 12, 102, JEFF, 3.2
 JEFF, 3.2, 9246, 13, 3, JEFF, 3.2
 JEFF, 3.2, 9246, 14, 3, JEFF, 3.2
 JEFF, 3.2, 9246, 14, 18, JEFF, 3.2
 JEFF, 3.2, 9246, 14, 102, JEFF, 3.2
 JEFF, 3.2, 9246, 15, 3, JEFF, 3.2
 JEFF, 3.2, 9246, 15, 18, JEFF, 3.2
 JEFF, 3.2, 9246, 15, 102, JEFF, 3.2
 JEFF, 3.3, 9219, 1, 451, JEFF, 3.3
 JEFF, 3.3, 9219, 1, 452, JENDL, 4.0
 JEFF, 3.3, 9219, 1, 455, JEFF, 3.1
 JEFF, 3.3, 9219, 1, 456, JENDL, 4.0
 JEFF, 3.3, 9219, 1, 458, JENDL, 4.0
 JEFF, 3.3, 9219, 2, 151, JENDL, 4.0
 JEFF, 3.3, 9219, 3, 1, JENDL, 4.0
 JEFF, 3.3, 9219, 3, 2, JENDL, 4.0
 JEFF, 3.3, 9219, 3, 4, JENDL, 4.0
 JEFF, 3.3, 9219, 3, 16, JENDL, 4.0
 JEFF, 3.3, 9219, 3, 17, JENDL, 4.0
 JEFF, 3.3, 9219, 3, 18, JENDL, 4.0
 JEFF, 3.3, 9219, 3, 19, JENDL, 4.0
 JEFF, 3.3, 9219, 3, 21, JENDL, 4.0
 JEFF, 3.3, 9219, 3, 38, JENDL, 4.0
 JEFF, 3.3, 9219, 3, 51, JENDL, 4.0
 JEFF, 3.3, 9219, 3, 52, JENDL, 4.0
 JEFF, 3.3, 9219, 3, 53, JENDL, 4.0
 JEFF, 3.3, 9219, 3, 54, JENDL, 4.0
 JEFF, 3.3, 9219, 3, 55, JENDL, 4.0
 JEFF, 3.3, 9219, 3, 56, JENDL, 4.0
 JEFF, 3.3, 9219, 3, 57, JENDL, 4.0
 JEFF, 3.3, 9219, 3, 58, JENDL, 4.0
 JEFF, 3.3, 9219, 3, 59, JENDL, 4.0
 JEFF, 3.3, 9219, 3, 61, JENDL, 4.0
 JEFF, 3.3, 9219, 3, 62, JENDL, 4.0
 JEFF, 3.3, 9219, 3, 63, JENDL, 4.0
 JEFF, 3.3, 9219, 3, 64, JENDL, 4.0
 JEFF, 3.3, 9219, 3, 65, JENDL, 4.0
 JEFF, 3.3, 9219, 3, 66, JENDL, 4.0
 JEFF, 3.3, 9219, 3, 67, JENDL, 4.0
 JEFF, 3.3, 9219, 3, 91, JENDL, 4.0
 JEFF, 3.3, 9219, 3, 102, JENDL, 4.0
 JEFF, 3.3, 9219, 4, 2, JENDL, 4.0
 JEFF, 3.3, 9219, 4, 18, JENDL, 4.0
 JEFF, 3.3, 9219, 5, 18, JENDL, 4.0
 JEFF, 3.3, 9219, 5, 455, JEFF, 3.1
 JEFF, 3.3, 9219, 6, 16, JENDL, 4.0
 JEFF, 3.3, 9219, 6, 17, JENDL, 4.0
 JEFF, 3.3, 9219, 6, 51, JENDL, 4.0
 JEFF, 3.3, 9219, 6, 52, JENDL, 4.0
 JEFF, 3.3, 9219, 6, 53, JENDL, 4.0
 JEFF, 3.3, 9219, 6, 54, JENDL, 4.0
 JEFF, 3.3, 9219, 6, 55, JENDL, 4.0
 JEFF, 3.3, 9219, 6, 56, JENDL, 4.0
 JEFF, 3.3, 9219, 6, 57, JENDL, 4.0
 JEFF, 3.3, 9219, 6, 58, JENDL, 4.0
 JEFF, 3.3, 9219, 6, 59, JENDL, 4.0
 JEFF, 3.3, 9219, 6, 61, JENDL, 4.0
 JEFF, 3.3, 9219, 6, 62, JENDL, 4.0
 JEFF, 3.3, 9219, 6, 63, JENDL, 4.0
 JEFF, 3.3, 9219, 6, 64, JENDL, 4.0
 JEFF, 3.3, 9219, 6, 65, JENDL, 4.0
 JEFF, 3.3, 9219, 6, 66, JENDL, 4.0
 JEFF, 3.3, 9219, 6, 67, JENDL, 4.0
 JEFF, 3.3, 9219, 6, 91, JENDL, 4.0
 JEFF, 3.3, 9219, 6, 102, JENDL, 4.0
 JEFF, 3.3, 9219, 12, 18, JENDL, 4.0
 JEFF, 3.3, 9219, 14, 18, JENDL, 4.0
 JEFF, 3.3, 9219, 15, 18, JENDL, 4.0
 JEFF, 3.3, 9219, 31, 452, JENDL, 4.0
 JEFF, 3.3, 9219, 31, 455, JENDL, 4.0
 JEFF, 3.3, 9219, 31, 456, JENDL, 4.0
 JEFF, 3.3, 9219, 32, 151, JENDL, 4.0
 JEFF, 3.3, 9219, 33, 1, JENDL, 4.0
 JEFF, 3.3, 9219, 33, 2, JENDL, 4.0
 JEFF, 3.3, 9219, 33, 4, JENDL, 4.0
 JEFF, 3.3, 9219, 33, 16, JENDL, 4.0
 JEFF, 3.3, 9219, 33, 17, JENDL, 4.0
 JEFF, 3.3, 9219, 33, 18, JENDL, 4.0
 JEFF, 3.3, 9219, 33, 51, JENDL, 4.0
 JEFF, 3.3, 9219, 33, 52, JENDL, 4.0
 JEFF, 3.3, 9219, 33, 53, JENDL, 4.0
 JEFF, 3.3, 9219, 33, 54, JENDL, 4.0
 JEFF, 3.3, 9219, 33, 55, JENDL, 4.0
 JEFF, 3.3, 9219, 33, 56, JENDL, 4.0
 JEFF, 3.3, 9219, 33, 57, JENDL, 4.0
 JEFF, 3.3, 9219, 33, 58, JENDL, 4.0
 JEFF, 3.3, 9219, 33, 59, JENDL, 4.0
 JEFF, 3.3, 9219, 33, 61, JENDL, 4.0
 JEFF, 3.3, 9219, 33, 62, JENDL, 4.0
 JEFF, 3.3, 9219, 33, 63, JENDL, 4.0
 JEFF, 3.3, 9219, 33, 64, JENDL, 4.0
 JEFF, 3.3, 9219, 33, 65, JENDL, 4.0
 JEFF, 3.3, 9219, 33, 66, JENDL, 4.0
 JEFF, 3.3, 9219, 33, 67, JENDL, 4.0
 JEFF, 3.3, 9219, 33, 91, JENDL, 4.0
 JEFF, 3.3, 9219, 33, 102, JENDL, 4.0
 JEFF, 3.3, 9219, 34, 2, JENDL, 4.0
 JEFF, 3.3, 9219, 35, 18, JENDL, 4.0
 JEFF, 3.3, 9222, 1, 451, JEFF, 3.3
 JEFF, 3.3, 9222, 1, 452, ENDFB, 7.1
 JEFF, 3.3, 9222, 1, 455, JEFF, 3.1.1
 JEFF, 3.3, 9222, 1, 456, ENDFB, 7.0
 JEFF, 3.3, 9222, 1, 458, ENDFB, 7.0
 JEFF, 3.3, 9222, 2, 151, ENDFB, 7.0
 JEFF, 3.3, 9222, 3, 1, ENDFB, 7.1
 JEFF, 3.3, 9222, 3, 2, ENDFB, 7.1
 JEFF, 3.3, 9222, 3, 3, ENDFB, 7.1
 JEFF, 3.3, 9222, 3, 4, ENDFB, 7.1
 JEFF, 3.3, 9222, 3, 16, ENDFB, 7.0
 JEFF, 3.3, 9222, 3, 17, ENDFB, 7.0
 JEFF, 3.3, 9222, 3, 18, ENDFB, 7.0
 JEFF, 3.3, 9222, 3, 19, ENDFB, 7.0
 JEFF, 3.3, 9222, 3, 21, ENDFB, 7.0
 JEFF, 3.3, 9222, 3, 37, ENDFB, 7.0
 JEFF, 3.3, 9222, 3, 38, ENDFB, 7.0
 JEFF, 3.3, 9222, 3, 51, ENDFB, 7.1
 JEFF, 3.3, 9222, 3, 52, ENDFB, 7.1
 JEFF, 3.3, 9222, 3, 53, ENDFB, 7.1
 JEFF, 3.3, 9222, 3, 54, ENDFB, 7.0
 JEFF, 3.3, 9222, 3, 55, ENDFB, 7.1
 JEFF, 3.3, 9222, 3, 56, ENDFB, 7.0
 JEFF, 3.3, 9222, 3, 57, ENDFB, 7.0
 JEFF, 3.3, 9222, 3, 58, ENDFB, 7.1
 JEFF, 3.3, 9222, 3, 59, ENDFB, 7.0
 JEFF, 3.3, 9222, 3, 61, ENDFB, 7.0
 JEFF, 3.3, 9222, 3, 62, ENDFB, 7.0
 JEFF, 3.3, 9222, 3, 63, ENDFB, 7.0
 JEFF, 3.3, 9222, 3, 64, ENDFB, 7.0
 JEFF, 3.3, 9222, 3, 65, ENDFB, 7.1
 JEFF, 3.3, 9222, 3, 66, ENDFB, 7.0
 JEFF, 3.3, 9222, 3, 67, ENDFB, 7.0
 JEFF, 3.3, 9222, 3, 68, ENDFB, 7.0
 JEFF, 3.3, 9222, 3, 69, ENDFB, 7.0
 JEFF, 3.3, 9222, 3, 71, ENDFB, 7.0
 JEFF, 3.3, 9222, 3, 72, ENDFB, 7.0
 JEFF, 3.3, 9222, 3, 73, ENDFB, 7.0
 JEFF, 3.3, 9222, 3, 74, ENDFB, 7.0
 JEFF, 3.3, 9222, 3, 75, ENDFB, 7.0
 JEFF, 3.3, 9222, 3, 76, ENDFB, 7.0
 JEFF, 3.3, 9222, 3, 77, ENDFB, 7.0
 JEFF, 3.3, 9222, 3, 78, ENDFB, 7.0
 JEFF, 3.3, 9222, 3, 79, ENDFB, 7.0
 JEFF, 3.3, 9222, 3, 81, ENDFB, 7.0
 JEFF, 3.3, 9222, 3, 82, ENDFB, 7.0
 JEFF, 3.3, 9222, 3, 83, ENDFB, 7.0
 JEFF, 3.3, 9222, 3, 84, ENDFB, 7.0
 JEFF, 3.3, 9222, 3, 85, ENDFB, 7.0
 JEFF, 3.3, 9222, 3, 86, ENDFB, 7.0
 JEFF, 3.3, 9222, 3, 87, ENDFB, 7.0
 JEFF, 3.3, 9222, 3, 88, ENDFB, 7.0
 JEFF, 3.3, 9222, 3, 91, ENDFB, 7.0
 JEFF, 3.3, 9222, 3, 102, ENDFB, 7.1
 JEFF, 3.3, 9222, 4, 2, ENDFB, 7.1
 JEFF, 3.3, 9222, 4, 18, ENDFB, 7.0
 JEFF, 3.3, 9222, 4, 51, ENDFB, 7.1
 JEFF, 3.3, 9222, 4, 52, ENDFB, 7.1
 JEFF, 3.3, 9222, 4, 53, ENDFB, 7.1
 JEFF, 3.3, 9222, 4, 54, ENDFB, 7.0
 JEFF, 3.3, 9222, 4, 55, ENDFB, 7.1
 JEFF, 3.3, 9222, 4, 56, ENDFB, 7.0
 JEFF, 3.3, 9222, 4, 57, ENDFB, 7.0
 JEFF, 3.3, 9222, 4, 58, ENDFB, 7.1
 JEFF, 3.3, 9222, 4, 59, ENDFB, 7.0
 JEFF, 3.3, 9222, 4, 61, ENDFB, 7.0
 JEFF, 3.3, 9222, 4, 62, ENDFB, 7.0
 JEFF, 3.3, 9222, 4, 63, ENDFB, 7.0
 JEFF, 3.3, 9222, 4, 64, ENDFB, 7.0
 JEFF, 3.3, 9222, 4, 65, ENDFB, 7.1
 JEFF, 3.3, 9222, 4, 66, ENDFB, 7.0
 JEFF, 3.3, 9222, 4, 67, ENDFB, 7.0
 JEFF, 3.3, 9222, 4, 68, ENDFB, 7.0
 JEFF, 3.3, 9222, 4, 69, ENDFB, 7.0
 JEFF, 3.3, 9222, 4, 71, ENDFB, 7.0
 JEFF, 3.3, 9222, 4, 72, ENDFB, 7.0
 JEFF, 3.3, 9222, 4, 73, ENDFB, 7.1
 JEFF, 3.3, 9222, 4, 74, ENDFB, 7.0
 JEFF, 3.3, 9222, 4, 75, ENDFB, 7.0
 JEFF, 3.3, 9222, 4, 76, ENDFB, 7.0
 JEFF, 3.3, 9222, 4, 77, ENDFB, 7.0
 JEFF, 3.3, 9222, 4, 78, ENDFB, 7.0
 JEFF, 3.3, 9222, 4, 79, ENDFB, 7.0
 JEFF, 3.3, 9222, 4, 81, ENDFB, 7.0
 JEFF, 3.3, 9222, 4, 82, ENDFB, 7.0
 JEFF, 3.3, 9222, 4, 83, ENDFB, 7.0
 JEFF, 3.3, 9222, 4, 84, ENDFB, 7.0
 JEFF, 3.3, 9222, 4, 85, ENDFB, 7.0
 JEFF, 3.3, 9222, 4, 86, ENDFB, 7.0
 JEFF, 3.3, 9222, 4, 87, ENDFB, 7.0
 JEFF, 3.3, 9222, 4, 88, ENDFB, 7.0
 JEFF, 3.3, 9222, 5, 18, JEFF, 3.3
 JEFF, 3.3, 9222, 5, 455, JEFF, 3.1
 JEFF, 3.3, 9222, 6, 16, ENDFB, 7.0
 JEFF, 3.3, 9222, 6, 17, ENDFB, 7.1
 JEFF, 3.3, 9222, 6, 37, ENDFB, 7.0
 JEFF, 3.3, 9222, 6, 91, ENDFB, 7.0
 JEFF, 3.3, 9222, 12, 4, ENDFB, 7.0
 JEFF, 3.3, 9222, 12, 18, ENDFB, 7.0
 JEFF, 3.3, 9222, 12, 102, ENDFB, 7.0
 JEFF, 3.3, 9222, 13, 3, ENDFB, 7.0
 JEFF, 3.3, 9222, 14, 3, ENDFB, 7.0
 JEFF, 3.3, 9222, 14, 4, ENDFB, 7.0
 JEFF, 3.3, 9222, 14, 18, ENDFB, 7.0
 JEFF, 3.3, 9222, 14, 102, ENDFB, 7.0
 JEFF, 3.3, 9222, 15, 3, ENDFB, 7.0
 JEFF, 3.3, 9222, 15, 4, ENDFB, 7.0
 JEFF, 3.3, 9222, 15, 18, ENDFB, 7.0
 JEFF, 3.3, 9222, 15, 102, ENDFB, 7.0
 JEFF, 3.3, 9222, 31, 452, JEFF, 3.3
 JEFF, 3.3, 9222, 31, 455, ENDFB, 7.1
 JEFF, 3.3, 9222, 31, 456, ENDFB, 7.1
 JEFF, 3.3, 9222, 33, 1, ENDFB, 7.1
 JEFF, 3.3, 9222, 33, 2, ENDFB, 7.1
 JEFF, 3.3, 9222, 33, 4, ENDFB, 7.1
 JEFF, 3.3, 9222, 33, 16, ENDFB, 7.1
 JEFF, 3.3, 9222, 33, 17, ENDFB, 7.1
 JEFF, 3.3, 9222, 33, 18, ENDFB, 7.1
 JEFF, 3.3, 9222, 33, 37, ENDFB, 7.1
 JEFF, 3.3, 9222, 33, 102, ENDFB, 7.1
 JEFF, 3.3, 9222, 35, 18, JEFF, 3.3
 JEFF, 3.3, 9225, 1, 451, JEFF, 3.3
 JEFF, 3.3, 9225, 1, 452, ENDFB, 7.0
 JEFF, 3.3, 9225, 1, 455, JEFF, 3.1
 JEFF, 3.3, 9225, 1, 456, ENDFB, 7.0
 JEFF, 3.3, 9225, 1, 458, ENDFB, 7.0
 JEFF, 3.3, 9225, 2, 151, ENDFB, 7.1
 JEFF, 3.3, 9225, 3, 1, ENDFB, 7.0
 JEFF, 3.3, 9225, 3, 2, ENDFB, 7.0
 JEFF, 3.3, 9225, 3, 3, ENDFB, 7.0
 JEFF, 3.3, 9225, 3, 4, ENDFB, 7.0
 JEFF, 3.3, 9225, 3, 16, ENDFB, 7.0
 JEFF, 3.3, 9225, 3, 17, ENDFB, 7.0
 JEFF, 3.3, 9225, 3, 18, ENDFB, 7.0
 JEFF, 3.3, 9225, 3, 19, ENDFB, 7.0
 JEFF, 3.3, 9225, 3, 21, ENDFB, 7.0
 JEFF, 3.3, 9225, 3, 37, ENDFB, 7.0
 JEFF, 3.3, 9225, 3, 38, ENDFB, 7.0
 JEFF, 3.3, 9225, 3, 51, ENDFB, 7.0
 JEFF, 3.3, 9225, 3, 52, ENDFB, 7.0
 JEFF, 3.3, 9225, 3, 53, ENDFB, 7.0
 JEFF, 3.3, 9225, 3, 54, ENDFB, 7.1
 JEFF, 3.3, 9225, 3, 55, ENDFB, 7.0
 JEFF, 3.3, 9225, 3, 56, ENDFB, 7.0
 JEFF, 3.3, 9225, 3, 57, ENDFB, 7.0
 JEFF, 3.3, 9225, 3, 58, ENDFB, 7.0
 JEFF, 3.3, 9225, 3, 59, ENDFB, 7.0
 JEFF, 3.3, 9225, 3, 61, ENDFB, 7.1
 JEFF, 3.3, 9225, 3, 62, ENDFB, 7.1
 JEFF, 3.3, 9225, 3, 63, ENDFB, 7.0
 JEFF, 3.3, 9225, 3, 64, ENDFB, 7.1
 JEFF, 3.3, 9225, 3, 65, ENDFB, 7.0
 JEFF, 3.3, 9225, 3, 66, ENDFB, 7.0
 JEFF, 3.3, 9225, 3, 67, ENDFB, 7.0
 JEFF, 3.3, 9225, 3, 68, ENDFB, 7.0
 JEFF, 3.3, 9225, 3, 69, ENDFB, 7.0
 JEFF, 3.3, 9225, 3, 71, ENDFB, 7.0
 JEFF, 3.3, 9225, 3, 72, ENDFB, 7.0
 JEFF, 3.3, 9225, 3, 73, ENDFB, 7.0
 JEFF, 3.3, 9225, 3, 74, ENDFB, 7.0
 JEFF, 3.3, 9225, 3, 75, ENDFB, 7.0
 JEFF, 3.3, 9225, 3, 76, ENDFB, 7.0
 JEFF, 3.3, 9225, 3, 77, ENDFB, 7.0
 JEFF, 3.3, 9225, 3, 78, ENDFB, 7.0
 JEFF, 3.3, 9225, 3, 79, ENDFB, 7.0
 JEFF, 3.3, 9225, 3, 81, ENDFB, 7.0
 JEFF, 3.3, 9225, 3, 82, ENDFB, 7.0
 JEFF, 3.3, 9225, 3, 83, ENDFB, 7.0
 JEFF, 3.3, 9225, 3, 84, ENDFB, 7.0
 JEFF, 3.3, 9225, 3, 85, ENDFB, 7.0
 JEFF, 3.3, 9225, 3, 86, ENDFB, 7.0
 JEFF, 3.3, 9225, 3, 87, ENDFB, 7.0
 JEFF, 3.3, 9225, 3, 88, ENDFB, 7.0
 JEFF, 3.3, 9225, 3, 89, ENDFB, 7.0
 JEFF, 3.3, 9225, 3, 91, ENDFB, 7.0
 JEFF, 3.3, 9225, 3, 102, ENDFB, 7.0
 JEFF, 3.3, 9225, 4, 2, ENDFB, 7.0
 JEFF, 3.3, 9225, 4, 18, ENDFB, 7.0
 JEFF, 3.3, 9225, 4, 19, ENDFB, 7.0
 JEFF, 3.3, 9225, 4, 21, ENDFB, 7.0
 JEFF, 3.3, 9225, 4, 38, ENDFB, 7.0
 JEFF, 3.3, 9225, 4, 51, JEFF, 3.3
 JEFF, 3.3, 9225, 4, 52, ENDFB, 7.1
 JEFF, 3.3, 9225, 4, 53, ENDFB, 7.0
 JEFF, 3.3, 9225, 4, 54, ENDFB, 7.0
 JEFF, 3.3, 9225, 4, 55, ENDFB, 7.0
 JEFF, 3.3, 9225, 4, 56, ENDFB, 7.0
 JEFF, 3.3, 9225, 4, 57, ENDFB, 7.0
 JEFF, 3.3, 9225, 4, 58, ENDFB, 7.0
 JEFF, 3.3, 9225, 4, 59, ENDFB, 7.0
 JEFF, 3.3, 9225, 4, 61, ENDFB, 7.0
 JEFF, 3.3, 9225, 4, 62, ENDFB, 7.0
 JEFF, 3.3, 9225, 4, 63, ENDFB, 7.0
 JEFF, 3.3, 9225, 4, 64, ENDFB, 7.0
 JEFF, 3.3, 9225, 4, 65, ENDFB, 7.0
 JEFF, 3.3, 9225, 4, 66, ENDFB, 7.0
 JEFF, 3.3, 9225, 4, 67, ENDFB, 7.0
 JEFF, 3.3, 9225, 4, 68, ENDFB, 7.0
 JEFF, 3.3, 9225, 4, 69, ENDFB, 7.0
 JEFF, 3.3, 9225, 4, 71, ENDFB, 7.1
 JEFF, 3.3, 9225, 4, 72, ENDFB, 7.0
 JEFF, 3.3, 9225, 4, 73, ENDFB, 7.0
 JEFF, 3.3, 9225, 4, 74, ENDFB, 7.0
 JEFF, 3.3, 9225, 4, 75, ENDFB, 7.0
 JEFF, 3.3, 9225, 4, 76, ENDFB, 7.1
 JEFF, 3.3, 9225, 4, 77, ENDFB, 7.0
 JEFF, 3.3, 9225, 4, 78, ENDFB, 7.0
 JEFF, 3.3, 9225, 4, 79, ENDFB, 7.0
 JEFF, 3.3, 9225, 4, 81, ENDFB, 7.0
 JEFF, 3.3, 9225, 4, 82, ENDFB, 7.0
 JEFF, 3.3, 9225, 4, 83, ENDFB, 7.0
 JEFF, 3.3, 9225, 4, 84, ENDFB, 7.0
 JEFF, 3.3, 9225, 4, 85, ENDFB, 7.0
 JEFF, 3.3, 9225, 4, 86, ENDFB, 7.0
 JEFF, 3.3, 9225, 4, 87, ENDFB, 7.0
 JEFF, 3.3, 9225, 4, 88, ENDFB, 7.0
 JEFF, 3.3, 9225, 4, 89, ENDFB, 7.0
 JEFF, 3.3, 9225, 5, 18, ENDFB, 7.0
 JEFF, 3.3, 9225, 5, 19, ENDFB, 7.0
 JEFF, 3.3, 9225, 5, 21, ENDFB, 7.0
 JEFF, 3.3, 9225, 5, 38, ENDFB, 7.0
 JEFF, 3.3, 9225, 5, 455, JEFF, 3.1
 JEFF, 3.3, 9225, 6, 16, ENDFB, 7.1
 JEFF, 3.3, 9225, 6, 17, ENDFB, 7.0
 JEFF, 3.3, 9225, 6, 37, ENDFB, 7.0
 JEFF, 3.3, 9225, 6, 91, ENDFB, 7.1
 JEFF, 3.3, 9225, 8, 16, ENDFB, 7.0
 JEFF, 3.3, 9225, 8, 17, ENDFB, 7.0
 JEFF, 3.3, 9225, 8, 102, ENDFB, 7.0
 JEFF, 3.3, 9225, 12, 18, ENDFB, 7.0
 JEFF, 3.3, 9225, 12, 102, ENDFB, 7.0
 JEFF, 3.3, 9225, 13, 3, ENDFB, 7.0
 JEFF, 3.3, 9225, 14, 3, ENDFB, 7.0
 JEFF, 3.3, 9225, 14, 18, ENDFB, 7.0
 JEFF, 3.3, 9225, 14, 102, ENDFB, 7.0
 JEFF, 3.3, 9225, 15, 3, ENDFB, 7.0
 JEFF, 3.3, 9225, 15, 18, ENDFB, 7.0
 JEFF, 3.3, 9225, 15, 102, ENDFB, 7.1
 JEFF, 3.3, 9225, 31, 456, ENDFB, 7.1
 JEFF, 3.3, 9225, 33, 2, ENDFB, 7.1
 JEFF, 3.3, 9225, 33, 4, ENDFB, 7.1
 JEFF, 3.3, 9225, 33, 16, ENDFB, 7.1
 JEFF, 3.3, 9225, 33, 18, ENDFB, 7.1
 JEFF, 3.3, 9225, 33, 102, ENDFB, 7.1
 JEFF, 3.3, 9228, 1, 451, JEFF, 3.3
 JEFF, 3.3, 9228, 1, 452, JEFF, 3.3
 JEFF, 3.3, 9228, 1, 455, JEFF, 3.1.1
 JEFF, 3.3, 9228, 1, 456, JEFF, 3.3
 JEFF, 3.3, 9228, 1, 458, JEFF, 3.3
 JEFF, 3.3, 9228, 2, 151, JEFF, 3.3
 JEFF, 3.3, 9228, 3, 1, JEFF, 3.3
 JEFF, 3.3, 9228, 3, 2, JEFF, 3.3
 JEFF, 3.3, 9228, 3, 4, JEFF, 3.3
 JEFF, 3.3, 9228, 3, 5, JEFF, 3.3
 JEFF, 3.3, 9228, 3, 16, JEFF, 3.3
 JEFF, 3.3, 9228, 3, 17, JEFF, 3.3
 JEFF, 3.3, 9228, 3, 18, JEFF, 3.3
 JEFF, 3.3, 9228, 3, 22, JEFF, 3.3
 JEFF, 3.3, 9228, 3, 24, JEFF, 3.3
 JEFF, 3.3, 9228, 3, 25, JEFF, 3.3
 JEFF, 3.3, 9228, 3, 28, JEFF, 3.3
 JEFF, 3.3, 9228, 3, 37, JEFF, 3.3
 JEFF, 3.3, 9228, 3, 41, JEFF, 3.3
 JEFF, 3.3, 9228, 3, 42, JEFF, 3.3
 JEFF, 3.3, 9228, 3, 51, JEFF, 3.3
 JEFF, 3.3, 9228, 3, 52, JEFF, 3.3
 JEFF, 3.3, 9228, 3, 53, JEFF, 3.3
 JEFF, 3.3, 9228, 3, 54, JEFF, 3.3
 JEFF, 3.3, 9228, 3, 55, JEFF, 3.3
 JEFF, 3.3, 9228, 3, 56, JEFF, 3.3
 JEFF, 3.3, 9228, 3, 57, JEFF, 3.3
 JEFF, 3.3, 9228, 3, 58, JEFF, 3.3
 JEFF, 3.3, 9228, 3, 59, JEFF, 3.3
 JEFF, 3.3, 9228, 3, 61, JEFF, 3.3
 JEFF, 3.3, 9228, 3, 62, JEFF, 3.3
 JEFF, 3.3, 9228, 3, 63, JEFF, 3.3
 JEFF, 3.3, 9228, 3, 64, JEFF, 3.3
 JEFF, 3.3, 9228, 3, 65, JEFF, 3.3
 JEFF, 3.3, 9228, 3, 66, JEFF, 3.3
 JEFF, 3.3, 9228, 3, 67, JEFF, 3.3
 JEFF, 3.3, 9228, 3, 68, JEFF, 3.3
 JEFF, 3.3, 9228, 3, 69, JEFF, 3.3
 JEFF, 3.3, 9228, 3, 71, JEFF, 3.3
 JEFF, 3.3, 9228, 3, 72, JEFF, 3.3
 JEFF, 3.3, 9228, 3, 73, JEFF, 3.3
 JEFF, 3.3, 9228, 3, 74, JEFF, 3.3
 JEFF, 3.3, 9228, 3, 75, JEFF, 3.3
 JEFF, 3.3, 9228, 3, 76, JEFF, 3.3
 JEFF, 3.3, 9228, 3, 77, JEFF, 3.3
 JEFF, 3.3, 9228, 3, 78, JEFF, 3.3
 JEFF, 3.3, 9228, 3, 79, JEFF, 3.3
 JEFF, 3.3, 9228, 3, 81, JEFF, 3.3
 JEFF, 3.3, 9228, 3, 82, JEFF, 3.3
 JEFF, 3.3, 9228, 3, 83, JEFF, 3.3
 JEFF, 3.3, 9228, 3, 84, JEFF, 3.3
 JEFF, 3.3, 9228, 3, 85, JEFF, 3.2
 JEFF, 3.3, 9228, 3, 86, JEFF, 3.3
 JEFF, 3.3, 9228, 3, 87, JEFF, 3.3
 JEFF, 3.3, 9228, 3, 88, JEFF, 3.3
 JEFF, 3.3, 9228, 3, 89, JEFF, 3.3
 JEFF, 3.3, 9228, 3, 91, JEFF, 3.3
 JEFF, 3.3, 9228, 3, 102, JEFF, 3.3
 JEFF, 3.3, 9228, 3, 103, JEFF, 3.3
 JEFF, 3.3, 9228, 3, 107, JEFF, 3.3
 JEFF, 3.3, 9228, 4, 2, JEFF, 3.3
 JEFF, 3.3, 9228, 4, 18, TENDL, 2015
 JEFF, 3.3, 9228, 4, 51, JEFF, 3.3
 JEFF, 3.3, 9228, 4, 52, JEFF, 3.3
 JEFF, 3.3, 9228, 4, 53, JEFF, 3.3
 JEFF, 3.3, 9228, 4, 54, JEFF, 3.3
 JEFF, 3.3, 9228, 4, 55, JEFF, 3.3
 JEFF, 3.3, 9228, 4, 56, JEFF, 3.3
 JEFF, 3.3, 9228, 4, 57, JEFF, 3.3
 JEFF, 3.3, 9228, 4, 58, JEFF, 3.3
 JEFF, 3.3, 9228, 4, 59, JEFF, 3.3
 JEFF, 3.3, 9228, 4, 61, JEFF, 3.3
 JEFF, 3.3, 9228, 4, 62, JEFF, 3.3
 JEFF, 3.3, 9228, 4, 63, JEFF, 3.3
 JEFF, 3.3, 9228, 4, 64, JEFF, 3.3
 JEFF, 3.3, 9228, 4, 65, JEFF, 3.3
 JEFF, 3.3, 9228, 4, 66, JEFF, 3.3
 JEFF, 3.3, 9228, 4, 67, JEFF, 3.3
 JEFF, 3.3, 9228, 4, 68, JEFF, 3.3
 JEFF, 3.3, 9228, 4, 69, JEFF, 3.3
 JEFF, 3.3, 9228, 4, 71, JEFF, 3.3
 JEFF, 3.3, 9228, 4, 72, JEFF, 3.3
 JEFF, 3.3, 9228, 4, 73, JEFF, 3.3
 JEFF, 3.3, 9228, 4, 74, JEFF, 3.3
 JEFF, 3.3, 9228, 4, 75, JEFF, 3.3
 JEFF, 3.3, 9228, 4, 76, JEFF, 3.3
 JEFF, 3.3, 9228, 4, 77, JEFF, 3.3
 JEFF, 3.3, 9228, 4, 78, JEFF, 3.3
 JEFF, 3.3, 9228, 4, 79, JEFF, 3.3
 JEFF, 3.3, 9228, 4, 81, JEFF, 3.3
 JEFF, 3.3, 9228, 4, 82, JEFF, 3.3
 JEFF, 3.3, 9228, 4, 83, JEFF, 3.3
 JEFF, 3.3, 9228, 4, 84, JEFF, 3.3
 JEFF, 3.3, 9228, 4, 85, JEFF, 3.3
 JEFF, 3.3, 9228, 4, 86, JEFF, 3.3
 JEFF, 3.3, 9228, 4, 87, JEFF, 3.3
 JEFF, 3.3, 9228, 4, 88, JEFF, 3.3
 JEFF, 3.3, 9228, 4, 89, JEFF, 3.3
 JEFF, 3.3, 9228, 5, 18, JEFF, 3.3
 JEFF, 3.3, 9228, 5, 455, JEFF, 3.1.1
 JEFF, 3.3, 9228, 6, 5, JEFF, 3.3
 JEFF, 3.3, 9228, 6, 16, JEFF, 3.3
 JEFF, 3.3, 9228, 6, 17, JEFF, 3.3
 JEFF, 3.3, 9228, 6, 22, JEFF, 3.3
 JEFF, 3.3, 9228, 6, 24, JEFF, 3.3
 JEFF, 3.3, 9228, 6, 25, JEFF, 3.3
 JEFF, 3.3, 9228, 6, 28, JEFF, 3.3
 JEFF, 3.3, 9228, 6, 37, JEFF, 3.3
 JEFF, 3.3, 9228, 6, 41, JEFF, 3.3
 JEFF, 3.3, 9228, 6, 42, JEFF, 3.3
 JEFF, 3.3, 9228, 6, 91, JEFF, 3.3
 JEFF, 3.3, 9228, 6, 102, JEFF, 3.3
 JEFF, 3.3, 9228, 6, 103, JEFF, 3.3
 JEFF, 3.3, 9228, 6, 107, JEFF, 3.3
 JEFF, 3.3, 9228, 8, 4, JEFF, 3.3
 JEFF, 3.3, 9228, 8, 5, JEFF, 3.3
 JEFF, 3.3, 9228, 10, 4, JEFF, 3.3
 JEFF, 3.3, 9228, 12, 18, JEFF, 3.3
 JEFF, 3.3, 9228, 12, 51, JEFF, 3.2
 JEFF, 3.3, 9228, 12, 52, JEFF, 3.2
 JEFF, 3.3, 9228, 12, 53, JEFF, 3.2
 JEFF, 3.3, 9228, 12, 54, JEFF, 3.2
 JEFF, 3.3, 9228, 12, 55, JEFF, 3.2
 JEFF, 3.3, 9228, 12, 56, JEFF, 3.2
 JEFF, 3.3, 9228, 12, 57, JEFF, 3.2
 JEFF, 3.3, 9228, 12, 58, JEFF, 3.3
 JEFF, 3.3, 9228, 12, 59, JEFF, 3.2
 JEFF, 3.3, 9228, 12, 61, JEFF, 3.2
 JEFF, 3.3, 9228, 12, 62, JEFF, 3.2
 JEFF, 3.3, 9228, 12, 63, JEFF, 3.3
 JEFF, 3.3, 9228, 12, 64, JEFF, 3.2
 JEFF, 3.3, 9228, 12, 65, JEFF, 3.2
 JEFF, 3.3, 9228, 12, 66, JEFF, 3.2
 JEFF, 3.3, 9228, 12, 67, JEFF, 3.2
 JEFF, 3.3, 9228, 12, 68, JEFF, 3.2
 JEFF, 3.3, 9228, 12, 69, JEFF, 3.2
 JEFF, 3.3, 9228, 12, 71, JEFF, 3.2
 JEFF, 3.3, 9228, 12, 72, JEFF, 3.3
 JEFF, 3.3, 9228, 12, 73, JEFF, 3.2
 JEFF, 3.3, 9228, 12, 74, JEFF, 3.2
 JEFF, 3.3, 9228, 12, 75, JEFF, 3.3
 JEFF, 3.3, 9228, 12, 76, JEFF, 3.2
 JEFF, 3.3, 9228, 12, 77, JEFF, 3.2
 JEFF, 3.3, 9228, 12, 78, JEFF, 3.3
 JEFF, 3.3, 9228, 12, 79, JEFF, 3.2
 JEFF, 3.3, 9228, 12, 81, JEFF, 3.3
 JEFF, 3.3, 9228, 12, 82, JEFF, 3.3
 JEFF, 3.3, 9228, 12, 83, JEFF, 3.3
 JEFF, 3.3, 9228, 12, 84, JEFF, 3.3
 JEFF, 3.3, 9228, 12, 85, JEFF, 3.3
 JEFF, 3.3, 9228, 12, 86, JEFF, 3.3
 JEFF, 3.3, 9228, 12, 87, JEFF, 3.3
 JEFF, 3.3, 9228, 12, 88, JEFF, 3.3
 JEFF, 3.3, 9228, 12, 89, JEFF, 3.3
 JEFF, 3.3, 9228, 14, 18, ENDFB, 7.0
 JEFF, 3.3, 9228, 14, 51, JEFF, 3.2
 JEFF, 3.3, 9228, 14, 52, JEFF, 3.2
 JEFF, 3.3, 9228, 14, 53, JEFF, 3.2
 JEFF, 3.3, 9228, 14, 54, TENDL, 2015
 JEFF, 3.3, 9228, 14, 55, TENDL, 2015
 JEFF, 3.3, 9228, 14, 56, TENDL, 2015
 JEFF, 3.3, 9228, 14, 57, TENDL, 2015
 JEFF, 3.3, 9228, 14, 58, TENDL, 2015
 JEFF, 3.3, 9228, 14, 59, TENDL, 2015
 JEFF, 3.3, 9228, 14, 61, TENDL, 2015
 JEFF, 3.3, 9228, 14, 62, TENDL, 2015
 JEFF, 3.3, 9228, 14, 63, TENDL, 2015
 JEFF, 3.3, 9228, 14, 64, JEFF, 3.3
 JEFF, 3.3, 9228, 14, 65, JEFF, 3.3
 JEFF, 3.3, 9228, 14, 66, JEFF, 3.3
 JEFF, 3.3, 9228, 14, 67, JEFF, 3.3
 JEFF, 3.3, 9228, 14, 68, JEFF, 3.2
 JEFF, 3.3, 9228, 14, 69, JEFF, 3.3
 JEFF, 3.3, 9228, 14, 71, JEFF, 3.3
 JEFF, 3.3, 9228, 14, 72, JEFF, 3.3
 JEFF, 3.3, 9228, 14, 73, TENDL, 2015
 JEFF, 3.3, 9228, 14, 74, JEFF, 3.2
 JEFF, 3.3, 9228, 14, 75, JEFF, 3.3
 JEFF, 3.3, 9228, 14, 76, JEFF, 3.3
 JEFF, 3.3, 9228, 14, 77, TENDL, 2015
 JEFF, 3.3, 9228, 14, 78, JEFF, 3.3
 JEFF, 3.3, 9228, 14, 79, JEFF, 3.3
 JEFF, 3.3, 9228, 14, 81, JEFF, 3.2
 JEFF, 3.3, 9228, 14, 82, JEFF, 3.2
 JEFF, 3.3, 9228, 14, 83, JEFF, 3.2
 JEFF, 3.3, 9228, 14, 84, JEFF, 3.2
 JEFF, 3.3, 9228, 14, 85, JEFF, 3.2
 JEFF, 3.3, 9228, 14, 86, JEFF, 3.2
 JEFF, 3.3, 9228, 14, 87, JEFF, 3.2
 JEFF, 3.3, 9228, 14, 88, JEFF, 3.2
 JEFF, 3.3, 9228, 14, 89, JEFF, 3.2
 JEFF, 3.3, 9228, 15, 18, JEFF, 3.3
 JEFF, 3.3, 9228, 31, 456, JEFF, 3.3
 JEFF, 3.3, 9228, 33, 1, JEFF, 3.3
 JEFF, 3.3, 9228, 33, 2, JEFF, 3.3
 JEFF, 3.3, 9228, 33, 4, JEFF, 3.3
 JEFF, 3.3, 9228, 33, 16, JEFF, 3.3
 JEFF, 3.3, 9228, 33, 17, JEFF, 3.3
 JEFF, 3.3, 9228, 33, 18, JEFF, 3.3
 JEFF, 3.3, 9228, 33, 37, JEFF, 3.3
 JEFF, 3.3, 9228, 33, 102, JEFF, 3.3
 JEFF, 3.3, 9228, 35, 18, JEFF, 3.3
 JEFF, 3.3, 9228, 40, 4, JEFF, 3.3
 JEFF, 3.3, 9231, 1, 451, JEFF, 3.3
 JEFF, 3.3, 9231, 1, 452, JEFF, 3.3
 JEFF, 3.3, 9231, 1, 455, JEFF, 3.1
 JEFF, 3.3, 9231, 1, 456, JEFF, 3.2
 JEFF, 3.3, 9231, 1, 458, ENDFB, 7.0
 JEFF, 3.3, 9231, 2, 151, JEFF, 3.3
 JEFF, 3.3, 9231, 3, 1, JEFF, 3.3
 JEFF, 3.3, 9231, 3, 2, JEFF, 3.3
 JEFF, 3.3, 9231, 3, 3, JEFF, 3.3
 JEFF, 3.3, 9231, 3, 4, JEFF, 3.3
 JEFF, 3.3, 9231, 3, 5, JEFF, 3.2
 JEFF, 3.3, 9231, 3, 16, JEFF, 3.3
 JEFF, 3.3, 9231, 3, 17, JEFF, 3.3
 JEFF, 3.3, 9231, 3, 18, JEFF, 3.3
 JEFF, 3.3, 9231, 3, 22, JEFF, 3.2
 JEFF, 3.3, 9231, 3, 24, JEFF, 3.2
 JEFF, 3.3, 9231, 3, 25, JEFF, 3.2
 JEFF, 3.3, 9231, 3, 28, JEFF, 3.2
 JEFF, 3.3, 9231, 3, 37, JEFF, 3.2
 JEFF, 3.3, 9231, 3, 41, JEFF, 3.2
 JEFF, 3.3, 9231, 3, 42, JEFF, 3.2
 JEFF, 3.3, 9231, 3, 51, JEFF, 3.3
 JEFF, 3.3, 9231, 3, 52, JEFF, 3.3
 JEFF, 3.3, 9231, 3, 53, JEFF, 3.3
 JEFF, 3.3, 9231, 3, 54, JEFF, 3.3
 JEFF, 3.3, 9231, 3, 55, JEFF, 3.3
 JEFF, 3.3, 9231, 3, 56, JEFF, 3.3
 JEFF, 3.3, 9231, 3, 57, JEFF, 3.2
 JEFF, 3.3, 9231, 3, 58, JEFF, 3.3
 JEFF, 3.3, 9231, 3, 59, JEFF, 3.3
 JEFF, 3.3, 9231, 3, 61, JEFF, 3.2
 JEFF, 3.3, 9231, 3, 62, JEFF, 3.3
 JEFF, 3.3, 9231, 3, 63, JEFF, 3.3
 JEFF, 3.3, 9231, 3, 64, JEFF, 3.3
 JEFF, 3.3, 9231, 3, 65, JEFF, 3.3
 JEFF, 3.3, 9231, 3, 66, JEFF, 3.3
 JEFF, 3.3, 9231, 3, 67, JEFF, 3.2
 JEFF, 3.3, 9231, 3, 68, JEFF, 3.3
 JEFF, 3.3, 9231, 3, 69, JEFF, 3.2
 JEFF, 3.3, 9231, 3, 71, JEFF, 3.2
 JEFF, 3.3, 9231, 3, 72, JEFF, 3.3
 JEFF, 3.3, 9231, 3, 73, JEFF, 3.3
 JEFF, 3.3, 9231, 3, 74, JEFF, 3.2
 JEFF, 3.3, 9231, 3, 75, JEFF, 3.3
 JEFF, 3.3, 9231, 3, 76, JEFF, 3.3
 JEFF, 3.3, 9231, 3, 77, JEFF, 3.3
 JEFF, 3.3, 9231, 3, 78, JEFF, 3.2
 JEFF, 3.3, 9231, 3, 79, JEFF, 3.3
 JEFF, 3.3, 9231, 3, 81, JEFF, 3.3
 JEFF, 3.3, 9231, 3, 82, JEFF, 3.2
 JEFF, 3.3, 9231, 3, 83, JEFF, 3.3
 JEFF, 3.3, 9231, 3, 84, JEFF, 3.2
 JEFF, 3.3, 9231, 3, 85, JEFF, 3.2
 JEFF, 3.3, 9231, 3, 86, JEFF, 3.3
 JEFF, 3.3, 9231, 3, 87, JEFF, 3.3
 JEFF, 3.3, 9231, 3, 88, JEFF, 3.3
 JEFF, 3.3, 9231, 3, 89, JEFF, 3.3
 JEFF, 3.3, 9231, 3, 91, JEFF, 3.3
 JEFF, 3.3, 9231, 3, 102, JEFF, 3.3
 JEFF, 3.3, 9231, 3, 103, JEFF, 3.2
 JEFF, 3.3, 9231, 3, 107, JEFF, 3.2
 JEFF, 3.3, 9231, 4, 2, JEFF, 3.3
 JEFF, 3.3, 9231, 4, 18, JEFF, 3.3
 JEFF, 3.3, 9231, 4, 51, JEFF, 3.3
 JEFF, 3.3, 9231, 4, 52, JEFF, 3.3
 JEFF, 3.3, 9231, 4, 53, JEFF, 3.3
 JEFF, 3.3, 9231, 4, 54, JEFF, 3.3
 JEFF, 3.3, 9231, 4, 55, JEFF, 3.3
 JEFF, 3.3, 9231, 4, 56, JEFF, 3.3
 JEFF, 3.3, 9231, 4, 57, JEFF, 3.2
 JEFF, 3.3, 9231, 4, 58, JEFF, 3.2
 JEFF, 3.3, 9231, 4, 59, JEFF, 3.2
 JEFF, 3.3, 9231, 4, 61, JEFF, 3.2
 JEFF, 3.3, 9231, 4, 62, JEFF, 3.2
 JEFF, 3.3, 9231, 4, 63, JEFF, 3.2
 JEFF, 3.3, 9231, 4, 64, JEFF, 3.2
 JEFF, 3.3, 9231, 4, 65, JEFF, 3.2
 JEFF, 3.3, 9231, 4, 66, JEFF, 3.2
 JEFF, 3.3, 9231, 4, 67, JEFF, 3.2
 JEFF, 3.3, 9231, 4, 68, JEFF, 3.2
 JEFF, 3.3, 9231, 4, 69, JEFF, 3.2
 JEFF, 3.3, 9231, 4, 71, JEFF, 3.2
 JEFF, 3.3, 9231, 4, 72, JEFF, 3.2
 JEFF, 3.3, 9231, 4, 73, JEFF, 3.2
 JEFF, 3.3, 9231, 4, 74, JEFF, 3.2
 JEFF, 3.3, 9231, 4, 75, JEFF, 3.2
 JEFF, 3.3, 9231, 4, 76, JEFF, 3.2
 JEFF, 3.3, 9231, 4, 77, JEFF, 3.2
 JEFF, 3.3, 9231, 4, 78, JEFF, 3.2
 JEFF, 3.3, 9231, 4, 79, JEFF, 3.2
 JEFF, 3.3, 9231, 4, 81, JEFF, 3.2
 JEFF, 3.3, 9231, 4, 82, JEFF, 3.2
 JEFF, 3.3, 9231, 4, 83, JEFF, 3.2
 JEFF, 3.3, 9231, 4, 84, JEFF, 3.2
 JEFF, 3.3, 9231, 4, 85, JEFF, 3.2
 JEFF, 3.3, 9231, 4, 86, JEFF, 3.2
 JEFF, 3.3, 9231, 4, 87, JEFF, 3.2
 JEFF, 3.3, 9231, 4, 88, JEFF, 3.2
 JEFF, 3.3, 9231, 4, 89, JEFF, 3.2
 JEFF, 3.3, 9231, 5, 18, JEFF, 3.3
 JEFF, 3.3, 9231, 5, 455, JEFF, 3.1
 JEFF, 3.3, 9231, 6, 5, JEFF, 3.3
 JEFF, 3.3, 9231, 6, 16, JEFF, 3.2
 JEFF, 3.3, 9231, 6, 17, JEFF, 3.2
 JEFF, 3.3, 9231, 6, 22, JEFF, 3.2
 JEFF, 3.3, 9231, 6, 24, JEFF, 3.2
 JEFF, 3.3, 9231, 6, 25, JEFF, 3.2
 JEFF, 3.3, 9231, 6, 28, JEFF, 3.2
 JEFF, 3.3, 9231, 6, 37, JEFF, 3.2
 JEFF, 3.3, 9231, 6, 41, JEFF, 3.2
 JEFF, 3.3, 9231, 6, 42, JEFF, 3.2
 JEFF, 3.3, 9231, 6, 91, JEFF, 3.2
 JEFF, 3.3, 9231, 12, 18, JEFF, 3.1
 JEFF, 3.3, 9231, 12, 102, JEFF, 3.1
 JEFF, 3.3, 9231, 13, 4, JEFF, 3.2
 JEFF, 3.3, 9231, 13, 16, JEFF, 3.2
 JEFF, 3.3, 9231, 13, 17, JEFF, 3.2
 JEFF, 3.3, 9231, 13, 22, JEFF, 3.2
 JEFF, 3.3, 9231, 13, 24, JEFF, 3.2
 JEFF, 3.3, 9231, 13, 25, JEFF, 3.2
 JEFF, 3.3, 9231, 13, 28, JEFF, 3.3
 JEFF, 3.3, 9231, 13, 37, JEFF, 3.2
 JEFF, 3.3, 9231, 13, 41, JEFF, 3.2
 JEFF, 3.3, 9231, 13, 42, JEFF, 3.2
 JEFF, 3.3, 9231, 13, 103, JEFF, 3.2
 